start_sample,end_sample,instrument_id,midi_note,measure,beat,note_value
10206,22494,43,46,1,0.000000,Dotted Eighth
10206,25054,41,65,1,0.000000,Quarter
10206,42462,41,61,1,0.000000,Dotted Half
25566,29150,41,63,1,0.250000,Eighth
25566,30686,43,58,1,0.250000,Dotted Eighth
29662,34270,41,65,1,0.375000,Eighth
34270,39902,41,66,1,0.500000,Dotted Eighth
34270,64990,42,58,1,0.500000,Whole
42462,46557,41,63,1,0.750000,Eighth
42462,48094,43,39,1,0.750000,Dotted Eighth
46557,50654,41,61,1,0.875000,Eighth
50654,55774,43,56,2,0.000000,Dotted Eighth
50654,57822,41,63,2,0.000000,Quarter
50654,72670,41,60,2,0.000000,Dotted Half
57822,61406,41,61,2,0.250000,Eighth
57822,62430,43,44,2,0.250000,Dotted Eighth
61406,64990,41,63,2,0.375000,Eighth
64990,70110,41,65,2,0.500000,Dotted Eighth
64990,96734,42,56,2,0.500000,Whole
73182,76254,41,61,2,0.750000,Eighth
73182,77278,43,37,2,0.750000,Dotted Eighth
76254,79838,41,60,2,0.875000,Eighth
80350,85982,43,42,3,0.000000,Dotted Eighth
80350,88542,41,61,3,0.000000,Quarter
80350,104926,41,58,3,0.000000,Dotted Half
88542,92638,41,60,3,0.250000,Eighth
88542,94173,43,54,3,0.250000,Dotted Eighth
92638,96734,41,61,3,0.375000,Eighth
96734,102366,41,63,3,0.500000,Dotted Eighth
96734,102366,42,54,3,0.500000,Dotted Eighth
96734,102366,43,42,3,0.500000,Dotted Eighth
104926,109022,41,60,3,0.750000,Eighth
104926,110046,41,63,3,0.750000,Dotted Eighth
104926,110046,42,51,3,0.750000,Dotted Eighth
104926,110046,43,42,3,0.750000,Dotted Eighth
109022,112606,41,58,3,0.875000,Eighth
112606,119262,41,57,4,0.000000,Quarter
112606,119262,41,65,4,0.000000,Quarter
112606,119262,42,48,4,0.000000,Quarter
112606,119262,43,41,4,0.000000,Quarter
142814,148446,43,46,5,0.000000,Dotted Eighth
142814,151006,41,65,5,0.000000,Quarter
142814,164318,41,61,5,0.000000,Dotted Half
151006,154590,41,63,5,0.250000,Eighth
151006,156126,43,58,5,0.250000,Dotted Eighth
154590,157150,41,65,5,0.375000,Eighth
157150,162270,41,66,5,0.500000,Dotted Eighth
157150,188382,42,58,5,0.500000,Whole
164318,167902,41,63,5,0.750000,Eighth
164318,169438,43,39,5,0.750000,Dotted Eighth
167902,171998,41,61,5,0.875000,Eighth
172510,177630,43,56,6,0.000000,Dotted Eighth
172510,179677,41,63,6,0.000000,Quarter
172510,196574,41,60,6,0.000000,Dotted Half
180190,183774,41,61,6,0.250000,Eighth
180190,185310,43,44,6,0.250000,Dotted Eighth
184286,188382,41,63,6,0.375000,Eighth
188382,194014,41,65,6,0.500000,Dotted Eighth
188382,196574,42,56,6,0.500000,Quarter
196574,200669,41,61,6,0.750000,Eighth
196574,201694,43,37,6,0.750000,Dotted Eighth
196574,209886,42,53,6,0.750000,Dotted Quarter
200669,203742,41,60,6,0.875000,Eighth
203742,209374,41,58,7,0.000000,Dotted Eighth
203742,209374,43,42,7,0.000000,Dotted Eighth
203742,211422,41,61,7,0.000000,Quarter
211422,215006,41,60,7,0.250000,Eighth
211422,216542,41,58,7,0.250000,Dotted Eighth
211422,216542,42,51,7,0.250000,Dotted Eighth
211422,216542,43,42,7,0.250000,Dotted Eighth
215006,217566,41,61,7,0.375000,Eighth
217566,223198,41,57,7,0.500000,Dotted Eighth
217566,223198,41,63,7,0.500000,Dotted Eighth
217566,223198,42,48,7,0.500000,Dotted Eighth
217566,223198,43,41,7,0.500000,Dotted Eighth
225758,230366,41,57,7,0.750000,Dotted Eighth
225758,230366,41,60,7,0.750000,Dotted Eighth
225758,230366,42,53,7,0.750000,Dotted Eighth
225758,230366,43,41,7,0.750000,Dotted Eighth
232414,239069,41,58,8,0.000000,Quarter
232414,239069,42,53,8,0.000000,Quarter
232414,239069,43,46,8,0.000000,Quarter
263134,274398,43,46,9,0.000000,Dotted Eighth
263134,276958,41,65,9,0.000000,Quarter
263134,292318,41,61,9,0.000000,Dotted Half
276958,280030,41,63,9,0.250000,Eighth
276958,281566,43,58,9,0.250000,Dotted Eighth
280542,284126,41,65,9,0.375000,Eighth
284638,289758,41,66,9,0.500000,Dotted Eighth
284638,316382,42,58,9,0.500000,Whole
292830,296926,41,63,9,0.750000,Eighth
292830,298462,43,39,9,0.750000,Dotted Eighth
296926,301022,41,61,9,0.875000,Eighth
301022,306142,43,56,10,0.000000,Dotted Eighth
301022,308702,41,63,10,0.000000,Quarter
301022,324062,41,60,10,0.000000,Dotted Half
308702,312286,41,61,10,0.250000,Eighth
308702,313822,43,44,10,0.250000,Dotted Eighth
312286,316382,41,63,10,0.375000,Eighth
316382,321502,41,65,10,0.500000,Dotted Eighth
316382,347614,42,56,10,0.500000,Whole
324062,328158,41,61,10,0.750000,Eighth
324062,329694,43,37,10,0.750000,Dotted Eighth
328158,332254,41,60,10,0.875000,Eighth
332766,337886,43,42,11,0.000000,Dotted Eighth
332766,339934,41,61,11,0.000000,Quarter
332766,354270,41,58,11,0.000000,Dotted Half
339934,343006,41,60,11,0.250000,Eighth
339934,344542,43,54,11,0.250000,Dotted Eighth
343518,347614,41,61,11,0.375000,Eighth
347614,351710,41,63,11,0.500000,Dotted Eighth
347614,351710,42,54,11,0.500000,Dotted Eighth
347614,351710,43,42,11,0.500000,Dotted Eighth
354270,357854,41,60,11,0.750000,Eighth
354270,359390,41,63,11,0.750000,Dotted Eighth
354270,359390,42,51,11,0.750000,Dotted Eighth
354270,359390,43,42,11,0.750000,Dotted Eighth
357854,361950,41,58,11,0.875000,Eighth
361950,368606,41,57,12,0.000000,Quarter
361950,368606,41,65,12,0.000000,Quarter
361950,368606,42,48,12,0.000000,Quarter
361950,368606,43,41,12,0.000000,Quarter
392158,397790,43,46,13,0.000000,Dotted Eighth
392158,400350,41,65,13,0.000000,Quarter
392158,416734,41,61,13,0.000000,Dotted Half
400350,404446,41,63,13,0.250000,Eighth
400350,405470,43,58,13,0.250000,Dotted Eighth
404446,408030,41,65,13,0.375000,Eighth
408030,414174,41,66,13,0.500000,Dotted Eighth
408030,437214,42,58,13,0.500000,Whole
416734,420830,41,63,13,0.750000,Eighth
416734,422366,43,39,13,0.750000,Dotted Eighth
420830,424926,41,61,13,0.875000,Eighth
424926,430046,43,56,14,0.000000,Dotted Eighth
424926,431582,41,63,14,0.000000,Quarter
424926,444381,41,60,14,0.000000,Dotted Half
432094,434654,41,61,14,0.250000,Eighth
432094,435678,43,44,14,0.250000,Dotted Eighth
435166,437214,41,63,14,0.375000,Eighth
437726,442334,41,65,14,0.500000,Dotted Eighth
437726,444381,42,56,14,0.500000,Quarter
444894,448990,41,61,14,0.750000,Eighth
444894,449502,43,37,14,0.750000,Dotted Eighth
444894,457182,42,53,14,0.750000,Dotted Quarter
448990,452062,41,60,14,0.875000,Eighth
452062,457182,41,58,15,0.000000,Dotted Eighth
452062,457182,43,42,15,0.000000,Dotted Eighth
452062,458718,41,61,15,0.000000,Quarter
458718,462302,41,60,15,0.250000,Eighth
458718,463837,41,58,15,0.250000,Dotted Eighth
458718,463837,42,51,15,0.250000,Dotted Eighth
458718,463837,43,42,15,0.250000,Dotted Eighth
462302,466398,41,61,15,0.375000,Eighth
466398,472542,41,57,15,0.500000,Dotted Eighth
466398,472542,41,63,15,0.500000,Dotted Eighth
466398,472542,42,48,15,0.500000,Dotted Eighth
466398,472542,43,41,15,0.500000,Dotted Eighth
474590,480222,41,57,15,0.750000,Dotted Eighth
474590,480222,41,60,15,0.750000,Dotted Eighth
474590,480222,42,53,15,0.750000,Dotted Eighth
474590,480222,43,41,15,0.750000,Dotted Eighth
483294,486366,41,58,16,0.000000,Quarter
483294,486366,42,53,16,0.000000,Quarter
483294,486366,43,46,16,0.000000,Quarter
512478,521181,41,73,17,0.000000,Quarter
512478,521181,43,44,17,0.000000,Quarter
512478,531422,41,65,17,0.000000,Half
512478,539614,42,68,17,0.000000,Dotted Half
521181,526814,41,72,17,0.250000,Eighth
521181,531422,43,56,17,0.250000,Quarter
526814,531422,41,73,17,0.375000,Eighth
531422,537054,41,75,17,0.500000,Dotted Eighth
531422,539614,41,66,17,0.500000,Quarter
539614,548830,42,75,17,0.750000,Quarter
539614,548830,43,56,17,0.750000,Quarter
548830,557022,41,73,18,0.000000,Quarter
548830,557022,43,44,18,0.000000,Quarter
548830,565214,41,65,18,0.000000,Half
548830,573406,42,68,18,0.000000,Dotted Half
557534,562654,41,80,18,0.250000,Dotted Eighth
557534,565214,43,56,18,0.250000,Quarter
565726,570846,41,78,18,0.500000,Dotted Eighth
565726,573406,41,63,18,0.500000,Quarter
573918,581598,41,66,18,0.750000,Quarter
573918,581598,42,75,18,0.750000,Quarter
573918,581598,43,56,18,0.750000,Quarter
581598,589790,41,73,19,0.000000,Quarter
581598,589790,43,44,19,0.000000,Quarter
581598,597982,41,65,19,0.000000,Half
581598,606174,42,68,19,0.000000,Dotted Half
589790,593886,41,72,19,0.250000,Eighth
589790,597982,43,56,19,0.250000,Quarter
593886,597982,41,73,19,0.375000,Eighth
597982,603614,41,75,19,0.500000,Dotted Eighth
597982,606174,41,66,19,0.500000,Quarter
606174,614878,42,75,19,0.750000,Quarter
606174,614878,43,56,19,0.750000,Quarter
615390,623582,41,73,20,0.000000,Quarter
615390,623582,43,44,20,0.000000,Quarter
615390,632798,41,65,20,0.000000,Half
615390,640990,42,68,20,0.000000,Dotted Half
624094,629726,41,80,20,0.250000,Dotted Eighth
624094,632798,43,56,20,0.250000,Quarter
632798,638942,41,78,20,0.500000,Dotted Eighth
632798,641502,41,63,20,0.500000,Quarter
632798,641502,43,56,20,0.500000,Quarter
641502,649694,41,66,20,0.750000,Quarter
641502,649694,42,75,20,0.750000,Quarter
641502,649694,43,44,20,0.750000,Quarter
649694,656350,41,70,21,0.000000,Quarter
649694,656350,43,46,21,0.000000,Quarter
649694,664542,41,65,21,0.000000,Half
649694,664542,42,61,21,0.000000,Half
656350,660446,41,69,21,0.250000,Eighth
656350,664542,43,58,21,0.250000,Quarter
660446,664542,41,70,21,0.375000,Eighth
664542,670174,41,71,21,0.500000,Dotted Eighth
664542,672734,41,66,21,0.500000,Quarter
664542,672734,42,63,21,0.500000,Quarter
673246,680926,43,58,21,0.750000,Quarter
681438,688606,41,70,22,0.000000,Quarter
681438,688606,43,46,22,0.000000,Quarter
681438,696798,41,65,22,0.000000,Half
681438,696798,42,61,22,0.000000,Half
688606,692702,41,69,22,0.250000,Eighth
688606,696798,43,58,22,0.250000,Quarter
692702,696798,41,70,22,0.375000,Eighth
696798,702430,41,72,22,0.500000,Dotted Eighth
696798,704990,41,66,22,0.500000,Quarter
696798,704990,42,63,22,0.500000,Quarter
704990,713182,43,58,22,0.750000,Quarter
713182,721886,41,70,23,0.000000,Quarter
713182,721886,43,46,23,0.000000,Quarter
713182,729566,41,65,23,0.000000,Half
713182,729566,42,61,23,0.000000,Half
722398,725470,41,69,23,0.250000,Eighth
722398,729566,43,58,23,0.250000,Quarter
725981,729566,41,70,23,0.375000,Eighth
730078,735198,41,66,23,0.500000,Dotted Eighth
730078,735198,41,71,23,0.500000,Dotted Eighth
730078,735198,42,54,23,0.500000,Dotted Eighth
730078,737758,43,51,23,0.500000,Quarter
738270,741854,41,63,23,0.750000,Dotted Eighth
738270,741854,41,71,23,0.750000,Dotted Eighth
738270,741854,42,54,23,0.750000,Dotted Eighth
738270,744414,43,51,23,0.750000,Quarter
744414,750558,42,53,24,0.000000,Dotted Eighth
744414,750558,43,53,24,0.000000,Dotted Eighth
744414,753118,41,61,24,0.000000,Quarter
744414,753118,41,70,24,0.000000,Quarter
753630,759262,41,60,24,0.250000,Dotted Eighth
753630,759262,41,69,24,0.250000,Dotted Eighth
753630,759262,42,65,24,0.250000,Dotted Eighth
753630,759262,43,53,24,0.250000,Dotted Eighth
761310,769502,41,61,24,0.500000,Quarter
761310,769502,41,70,24,0.500000,Quarter
761310,769502,42,65,24,0.500000,Quarter
761310,769502,43,46,24,0.500000,Quarter
778206,786398,41,73,25,0.000000,Quarter
778206,786398,43,44,25,0.000000,Quarter
778206,794590,41,65,25,0.000000,Half
778206,802270,42,68,25,0.000000,Dotted Half
786398,790493,41,72,25,0.250000,Eighth
786398,794590,43,56,25,0.250000,Quarter
790493,794590,41,73,25,0.375000,Eighth
794590,800222,41,75,25,0.500000,Dotted Eighth
794590,802270,41,66,25,0.500000,Quarter
802270,810462,42,75,25,0.750000,Quarter
802270,810462,43,56,25,0.750000,Quarter
810974,818654,41,73,26,0.000000,Quarter
810974,818654,43,44,26,0.000000,Quarter
810974,827358,41,65,26,0.000000,Half
810974,835550,42,68,26,0.000000,Dotted Half
819166,824286,41,80,26,0.250000,Dotted Eighth
819166,827358,43,56,26,0.250000,Quarter
827358,832990,41,78,26,0.500000,Dotted Eighth
827358,837086,41,63,26,0.500000,Quarter
837086,844766,41,66,26,0.750000,Quarter
837086,844766,42,75,26,0.750000,Quarter
837086,844766,43,56,26,0.750000,Quarter
844766,852958,41,73,27,0.000000,Quarter
844766,852958,43,44,27,0.000000,Quarter
844766,861150,41,65,27,0.000000,Half
844766,869854,42,68,27,0.000000,Dotted Half
852958,857054,41,72,27,0.250000,Eighth
852958,861150,43,56,27,0.250000,Quarter
857054,861150,41,73,27,0.375000,Eighth
861150,866782,41,75,27,0.500000,Dotted Eighth
861150,869854,41,66,27,0.500000,Quarter
870366,879582,42,75,27,0.750000,Quarter
870366,879582,43,56,27,0.750000,Quarter
880094,888285,41,73,28,0.000000,Quarter
880094,888285,43,44,28,0.000000,Quarter
880094,896478,41,65,28,0.000000,Half
880094,904670,42,68,28,0.000000,Dotted Half
888285,893917,41,80,28,0.250000,Dotted Eighth
888285,896478,43,56,28,0.250000,Quarter
896478,902109,41,78,28,0.500000,Dotted Eighth
896478,904670,41,63,28,0.500000,Quarter
896478,904670,43,56,28,0.500000,Quarter
904670,912350,41,66,28,0.750000,Quarter
904670,912350,42,75,28,0.750000,Quarter
904670,912350,43,44,28,0.750000,Quarter
912350,920030,41,70,29,0.000000,Quarter
912350,920030,43,46,29,0.000000,Quarter
912350,927710,41,65,29,0.000000,Half
912350,927710,42,61,29,0.000000,Half
920542,923614,41,69,29,0.250000,Eighth
920542,927710,43,58,29,0.250000,Quarter
924126,927710,41,70,29,0.375000,Eighth
928222,933342,41,71,29,0.500000,Dotted Eighth
928222,935390,41,66,29,0.500000,Quarter
928222,935390,42,63,29,0.500000,Quarter
935901,943582,43,58,29,0.750000,Quarter
943582,951774,41,70,30,0.000000,Quarter
943582,951774,43,46,30,0.000000,Quarter
943582,959966,41,65,30,0.000000,Half
943582,959966,42,61,30,0.000000,Half
951774,955870,41,69,30,0.250000,Eighth
951774,959966,43,58,30,0.250000,Quarter
955870,959966,41,70,30,0.375000,Eighth
959966,965598,41,72,30,0.500000,Dotted Eighth
959966,968158,41,66,30,0.500000,Quarter
959966,968158,42,63,30,0.500000,Quarter
968158,975838,43,58,30,0.750000,Quarter
976350,984030,41,70,31,0.000000,Quarter
976350,984030,43,46,31,0.000000,Quarter
976350,992222,41,65,31,0.000000,Half
976350,992222,42,61,31,0.000000,Half
984542,987614,41,69,31,0.250000,Eighth
984542,992222,43,58,31,0.250000,Quarter
988126,992222,41,70,31,0.375000,Eighth
992222,996830,41,66,31,0.500000,Dotted Eighth
992222,996830,41,71,31,0.500000,Dotted Eighth
992222,996830,42,54,31,0.500000,Dotted Eighth
992222,999390,43,51,31,0.500000,Quarter
999390,1005022,41,63,31,0.750000,Dotted Eighth
999390,1005022,41,71,31,0.750000,Dotted Eighth
999390,1005022,42,54,31,0.750000,Dotted Eighth
999390,1006046,43,51,31,0.750000,Quarter
1006046,1012702,42,53,32,0.000000,Dotted Eighth
1006046,1012702,43,53,32,0.000000,Dotted Eighth
1006046,1015262,41,61,32,0.000000,Quarter
1006046,1015262,41,70,32,0.000000,Quarter
1015774,1019869,41,60,32,0.250000,Dotted Eighth
1015774,1019869,41,69,32,0.250000,Dotted Eighth
1015774,1019869,42,65,32,0.250000,Dotted Eighth
1015774,1019869,43,53,32,0.250000,Dotted Eighth
1023454,1033182,41,61,32,0.500000,Quarter
1023454,1033182,41,70,32,0.500000,Quarter
1023454,1033182,42,65,32,0.500000,Quarter
1023454,1033182,43,46,32,0.500000,Quarter
1043934,1048542,41,62,33,0.000000,Dotted Eighth
1050590,1053662,41,65,33,0.166667,Dotted Eighth
1055198,1058782,41,70,33,0.333333,Dotted Eighth
1060830,1061854,41,72,33,0.500000,Sixteenth
1060830,1063902,41,65,33,0.500000,Dotted Eighth
1060830,1064414,42,65,33,0.500000,Dotted Eighth
1060830,1064414,43,62,33,0.500000,Dotted Eighth
1061854,1065438,41,70,33,0.541667,Dotted Eighth
1065950,1069534,41,65,33,0.666667,Dotted Eighth
1065950,1069534,42,63,33,0.666667,Dotted Eighth
1065950,1069534,43,60,33,0.666667,Dotted Eighth
1065950,1071070,41,69,33,0.666667,Quarter
1071070,1074654,41,65,33,0.833333,Dotted Eighth
1071070,1075166,42,62,33,0.833333,Dotted Eighth
1071070,1075166,43,58,33,0.833333,Dotted Eighth
1071070,1076702,41,70,33,0.833333,Quarter
1076702,1080286,41,65,34,0.000000,Dotted Eighth
1081822,1084894,41,69,34,0.166667,Dotted Eighth
1086942,1090526,41,72,34,0.333333,Dotted Eighth
1092062,1093598,41,74,34,0.500000,Sixteenth
1092062,1096158,41,65,34,0.500000,Dotted Eighth
1092062,1096158,42,57,34,0.500000,Dotted Eighth
1092062,1096158,43,53,34,0.500000,Dotted Eighth
1093598,1097694,41,72,34,0.541667,Dotted Eighth
1097694,1100766,41,65,34,0.666667,Dotted Eighth
1097694,1100766,42,55,34,0.666667,Dotted Eighth
1097694,1100766,43,53,34,0.666667,Dotted Eighth
1097694,1102302,41,71,34,0.666667,Quarter
1102302,1105374,41,65,34,0.833333,Dotted Eighth
1102302,1105886,42,57,34,0.833333,Dotted Eighth
1102302,1105886,43,53,34,0.833333,Dotted Eighth
1102302,1106398,41,72,34,0.833333,Quarter
1106910,1110494,41,65,35,0.000000,Dotted Eighth
1112030,1115102,41,70,35,0.166667,Dotted Eighth
1116638,1120222,41,74,35,0.333333,Dotted Eighth
1121758,1123294,41,75,35,0.500000,Sixteenth
1121758,1125342,41,62,35,0.500000,Dotted Eighth
1121758,1125854,42,53,35,0.500000,Dotted Eighth
1121758,1125854,43,46,35,0.500000,Dotted Eighth
1123294,1126878,41,74,35,0.541667,Dotted Eighth
1127390,1129438,41,60,35,0.666667,Dotted Eighth
1127390,1129950,42,53,35,0.666667,Dotted Eighth
1127390,1129950,43,45,35,0.666667,Dotted Eighth
1127390,1130974,41,72,35,0.666667,Quarter
1130974,1134558,41,58,35,0.833333,Dotted Eighth
1130974,1134558,42,53,35,0.833333,Dotted Eighth
1130974,1134558,43,43,35,0.833333,Dotted Eighth
1130974,1136094,41,74,35,0.833333,Quarter
1136094,1139678,41,69,36,0.000000,Dotted Eighth
1141726,1143774,41,72,36,0.166667,Dotted Eighth
1145822,1149406,41,77,36,0.333333,Dotted Eighth
1151454,1152478,41,79,36,0.500000,Sixteenth
1151454,1155038,41,60,36,0.500000,Dotted Eighth
1151454,1155038,42,57,36,0.500000,Dotted Eighth
1151454,1155038,43,41,36,0.500000,Dotted Eighth
1152478,1156574,41,77,36,0.541667,Dotted Eighth
1156574,1160670,41,60,36,0.666667,Dotted Eighth
1156574,1160670,42,57,36,0.666667,Dotted Eighth
1156574,1160670,43,41,36,0.666667,Dotted Eighth
1156574,1161182,41,76,36,0.666667,Quarter
1161182,1164766,41,60,36,0.833333,Dotted Eighth
1161182,1164766,42,57,36,0.833333,Dotted Eighth
1161182,1164766,43,41,36,0.833333,Dotted Eighth
1161182,1166302,41,77,36,0.833333,Quarter
1166302,1168862,41,74,37,0.000000,Dotted Eighth
1170910,1173982,41,77,37,0.166667,Dotted Eighth
1175006,1178590,41,82,37,0.333333,Dotted Eighth
1180126,1181662,41,84,37,0.500000,Sixteenth
1180126,1183710,41,77,37,0.500000,Dotted Eighth
1180126,1183710,42,65,37,0.500000,Dotted Eighth
1180126,1183710,43,62,37,0.500000,Dotted Eighth
1181662,1185246,41,82,37,0.541667,Dotted Eighth
1185246,1188830,41,75,37,0.666667,Dotted Eighth
1185246,1188830,42,65,37,0.666667,Dotted Eighth
1185246,1188830,43,60,37,0.666667,Dotted Eighth
1185246,1189854,41,81,37,0.666667,Quarter
1190366,1194462,41,74,37,0.833333,Dotted Eighth
1190366,1194462,42,65,37,0.833333,Dotted Eighth
1190366,1194462,43,58,37,0.833333,Dotted Eighth
1190366,1195486,41,82,37,0.833333,Quarter
1195486,1199070,41,77,38,0.000000,Dotted Eighth
1200094,1203166,41,81,38,0.166667,Dotted Eighth
1205214,1207774,41,84,38,0.333333,Dotted Eighth
1209822,1210846,41,86,38,0.500000,Sixteenth
1209822,1213918,41,72,38,0.500000,Dotted Eighth
1209822,1213918,42,65,38,0.500000,Dotted Eighth
1209822,1213918,43,57,38,0.500000,Dotted Eighth
1210846,1214942,41,84,38,0.541667,Dotted Eighth
1215454,1219038,41,77,38,0.666667,Dotted Eighth
1215454,1219038,42,65,38,0.666667,Dotted Eighth
1215454,1219038,43,55,38,0.666667,Dotted Eighth
1215454,1220574,41,83,38,0.666667,Quarter
1220574,1224158,41,77,38,0.833333,Dotted Eighth
1220574,1224158,42,65,38,0.833333,Dotted Eighth
1220574,1224158,43,53,38,0.833333,Dotted Eighth
1220574,1225694,41,84,38,0.833333,Quarter
1225694,1229278,41,84,39,0.000000,Dotted Eighth
1231326,1233886,41,86,39,0.166667,Dotted Eighth
1235422,1239006,41,87,39,0.333333,Dotted Eighth
1240542,1243614,41,89,39,0.500000,Dotted Eighth
1240542,1244126,41,72,39,0.500000,Dotted Eighth
1240542,1244126,42,65,39,0.500000,Dotted Eighth
1240542,1244126,43,53,39,0.500000,Dotted Eighth
1245662,1249246,41,91,39,0.666667,Dotted Eighth
1245662,1249758,41,72,39,0.666667,Dotted Eighth
1245662,1249758,42,65,39,0.666667,Dotted Eighth
1245662,1249758,43,53,39,0.666667,Dotted Eighth
1251294,1253342,41,72,39,0.833333,Dotted Eighth
1251294,1253342,41,93,39,0.833333,Dotted Eighth
1251294,1253342,42,65,39,0.833333,Dotted Eighth
1251294,1253342,43,53,39,0.833333,Dotted Eighth
1254366,1258974,41,74,40,0.000000,Quarter
1254366,1258974,41,94,40,0.000000,Quarter
1254366,1258974,42,65,40,0.000000,Quarter
1254366,1258974,43,46,40,0.000000,Quarter
1270750,1274334,41,65,40,0.500000,Dotted Eighth
1270750,1274334,42,65,40,0.500000,Dotted Eighth
1270750,1274334,43,62,40,0.500000,Dotted Eighth
1275870,1279966,41,65,40,0.666667,Dotted Eighth
1275870,1279966,42,63,40,0.666667,Dotted Eighth
1275870,1279966,43,60,40,0.666667,Dotted Eighth
1281502,1284574,41,65,40,0.833333,Dotted Eighth
1281502,1284574,42,62,40,0.833333,Dotted Eighth
1281502,1284574,43,58,40,0.833333,Dotted Eighth
1286110,1289694,41,62,41,0.000000,Dotted Eighth
1291230,1294814,41,65,41,0.166667,Dotted Eighth
1296350,1300446,41,70,41,0.333333,Dotted Eighth
1301982,1303518,41,72,41,0.500000,Sixteenth
1301982,1305566,41,65,41,0.500000,Dotted Eighth
1301982,1306078,42,65,41,0.500000,Dotted Eighth
1301982,1306078,43,62,41,0.500000,Dotted Eighth
1303518,1307614,41,70,41,0.541667,Dotted Eighth
1307614,1311198,41,65,41,0.666667,Dotted Eighth
1307614,1311710,42,63,41,0.666667,Dotted Eighth
1307614,1311710,43,60,41,0.666667,Dotted Eighth
1307614,1312734,41,69,41,0.666667,Quarter
1312734,1316318,41,65,41,0.833333,Dotted Eighth
1312734,1316830,42,62,41,0.833333,Dotted Eighth
1312734,1316830,43,58,41,0.833333,Dotted Eighth
1312734,1317854,41,70,41,0.833333,Quarter
1317854,1321950,41,65,42,0.000000,Dotted Eighth
1322974,1325534,41,69,42,0.166667,Dotted Eighth
1327582,1331166,41,72,42,0.333333,Dotted Eighth
1332702,1333726,41,74,42,0.500000,Sixteenth
1332702,1336286,41,65,42,0.500000,Dotted Eighth
1332702,1336798,42,57,42,0.500000,Dotted Eighth
1332702,1336798,43,53,42,0.500000,Dotted Eighth
1333726,1337822,41,72,42,0.541667,Dotted Eighth
1338334,1341918,41,65,42,0.666667,Dotted Eighth
1338334,1341918,42,55,42,0.666667,Dotted Eighth
1338334,1341918,43,53,42,0.666667,Dotted Eighth
1338334,1343454,41,71,42,0.666667,Quarter
1343454,1346014,41,65,42,0.833333,Dotted Eighth
1343454,1346526,42,57,42,0.833333,Dotted Eighth
1343454,1346526,43,53,42,0.833333,Dotted Eighth
1343454,1348062,41,72,42,0.833333,Quarter
1348062,1350622,41,65,43,0.000000,Dotted Eighth
1352158,1355742,41,70,43,0.166667,Dotted Eighth
1356766,1359838,41,74,43,0.333333,Dotted Eighth
1361374,1362910,41,75,43,0.500000,Sixteenth
1361374,1365470,41,62,43,0.500000,Dotted Eighth
1361374,1365470,42,53,43,0.500000,Dotted Eighth
1361374,1365470,43,46,43,0.500000,Dotted Eighth
1362910,1366494,41,74,43,0.541667,Dotted Eighth
1366494,1370078,41,60,43,0.666667,Dotted Eighth
1366494,1370590,42,53,43,0.666667,Dotted Eighth
1366494,1370590,43,45,43,0.666667,Dotted Eighth
1366494,1371614,41,72,43,0.666667,Quarter
1371614,1375198,41,58,43,0.833333,Dotted Eighth
1371614,1375710,42,53,43,0.833333,Dotted Eighth
1371614,1375710,43,43,43,0.833333,Dotted Eighth
1371614,1376734,41,74,43,0.833333,Quarter
1377246,1380830,41,69,44,0.000000,Dotted Eighth
1382366,1385950,41,72,44,0.166667,Dotted Eighth
1387486,1391070,41,77,44,0.333333,Dotted Eighth
1393118,1394654,41,79,44,0.500000,Sixteenth
1393118,1397214,41,60,44,0.500000,Dotted Eighth
1393118,1397214,42,57,44,0.500000,Dotted Eighth
1393118,1397214,43,41,44,0.500000,Dotted Eighth
1394654,1398750,41,77,44,0.541667,Dotted Eighth
1398750,1402846,41,60,44,0.666667,Dotted Eighth
1398750,1402846,42,57,44,0.666667,Dotted Eighth
1398750,1402846,43,41,44,0.666667,Dotted Eighth
1398750,1403870,41,76,44,0.666667,Quarter
1404382,1407454,41,60,44,0.833333,Dotted Eighth
1404382,1407454,42,57,44,0.833333,Dotted Eighth
1404382,1407454,43,41,44,0.833333,Dotted Eighth
1404382,1408990,41,77,44,0.833333,Quarter
1408990,1411038,41,74,45,0.000000,Dotted Eighth
1413086,1414622,41,77,45,0.166667,Dotted Eighth
1416158,1419742,41,82,45,0.333333,Dotted Eighth
1421790,1422302,41,84,45,0.500000,Sixteenth
1421790,1424350,41,77,45,0.500000,Dotted Eighth
1421790,1424350,42,65,45,0.500000,Dotted Eighth
1421790,1424350,43,62,45,0.500000,Dotted Eighth
1422302,1425374,41,82,45,0.541667,Dotted Eighth
1425374,1429469,41,75,45,0.666667,Dotted Eighth
1425374,1429469,42,65,45,0.666667,Dotted Eighth
1425374,1429469,43,60,45,0.666667,Dotted Eighth
1425374,1431006,41,81,45,0.666667,Quarter
1431006,1435101,41,74,45,0.833333,Dotted Eighth
1431006,1435101,42,65,45,0.833333,Dotted Eighth
1431006,1435101,43,58,45,0.833333,Dotted Eighth
1431006,1436638,41,82,45,0.833333,Quarter
1436638,1439710,41,77,46,0.000000,Dotted Eighth
1441758,1445342,41,81,46,0.166667,Dotted Eighth
1445342,1448926,41,84,46,0.333333,Dotted Eighth
1450462,1451997,41,86,46,0.500000,Sixteenth
1450462,1454558,41,72,46,0.500000,Dotted Eighth
1450462,1454558,42,65,46,0.500000,Dotted Eighth
1450462,1454558,43,57,46,0.500000,Dotted Eighth
1451997,1456094,41,84,46,0.541667,Dotted Eighth
1456094,1460190,41,77,46,0.666667,Dotted Eighth
1456094,1460190,42,65,46,0.666667,Dotted Eighth
1456094,1460190,43,55,46,0.666667,Dotted Eighth
1456094,1461214,41,83,46,0.666667,Quarter
1461726,1465822,41,77,46,0.833333,Dotted Eighth
1461726,1465822,42,65,46,0.833333,Dotted Eighth
1461726,1465822,43,53,46,0.833333,Dotted Eighth
1461726,1466846,41,84,46,0.833333,Quarter
1466846,1470942,41,84,47,0.000000,Dotted Eighth
1470942,1471454,41,86,47,0.166667,Dotted Eighth
1473502,1477086,41,87,47,0.333333,Dotted Eighth
1479134,1482718,41,89,47,0.500000,Dotted Eighth
1479134,1483230,41,72,47,0.500000,Dotted Eighth
1479134,1483230,42,65,47,0.500000,Dotted Eighth
1479134,1483230,43,53,47,0.500000,Dotted Eighth
1484766,1487838,41,91,47,0.666667,Dotted Eighth
1484766,1488350,41,72,47,0.666667,Dotted Eighth
1484766,1488350,42,65,47,0.666667,Dotted Eighth
1484766,1488350,43,53,47,0.666667,Dotted Eighth
1488862,1492958,41,93,47,0.833333,Dotted Eighth
1488862,1493470,41,72,47,0.833333,Dotted Eighth
1488862,1493470,42,65,47,0.833333,Dotted Eighth
1488862,1493470,43,53,47,0.833333,Dotted Eighth
1494494,1499102,41,74,48,0.000000,Quarter
1494494,1499102,41,94,48,0.000000,Quarter
1494494,1499102,42,65,48,0.000000,Quarter
1494494,1499102,43,46,48,0.000000,Quarter
1509854,1514462,41,65,48,0.500000,Dotted Eighth
1509854,1514462,41,72,48,0.500000,Dotted Eighth
1509854,1514462,42,69,48,0.500000,Dotted Eighth
1509854,1514462,43,53,48,0.500000,Dotted Eighth
1515998,1520094,41,65,48,0.666667,Dotted Eighth
1515998,1520094,41,72,48,0.666667,Dotted Eighth
1515998,1520094,42,69,48,0.666667,Dotted Eighth
1515998,1520094,43,53,48,0.666667,Dotted Eighth
1521118,1524701,41,65,48,0.833333,Dotted Eighth
1521118,1524701,41,72,48,0.833333,Dotted Eighth
1521118,1524701,42,69,48,0.833333,Dotted Eighth
1521118,1524701,43,53,48,0.833333,Dotted Eighth
1526238,1529821,41,72,49,0.000000,Dotted Eighth
1531358,1534942,41,77,49,0.166667,Dotted Eighth
1536478,1540574,41,81,49,0.333333,Dotted Eighth
1542110,1543134,41,82,49,0.500000,Sixteenth
1542110,1545182,41,65,49,0.500000,Dotted Eighth
1542110,1545182,41,72,49,0.500000,Dotted Eighth
1542110,1545182,42,69,49,0.500000,Dotted Eighth
1542110,1545182,43,53,49,0.500000,Dotted Eighth
1543134,1546717,41,81,49,0.541667,Dotted Eighth
1546717,1550814,41,65,49,0.666667,Dotted Eighth
1546717,1550814,41,72,49,0.666667,Dotted Eighth
1546717,1550814,42,69,49,0.666667,Dotted Eighth
1546717,1550814,43,53,49,0.666667,Dotted Eighth
1546717,1551838,41,79,49,0.666667,Quarter
1552349,1555934,41,65,49,0.833333,Dotted Eighth
1552349,1555934,41,72,49,0.833333,Dotted Eighth
1552349,1555934,42,69,49,0.833333,Dotted Eighth
1552349,1555934,43,53,49,0.833333,Dotted Eighth
1552349,1556446,41,81,49,0.833333,Quarter
1556446,1560542,41,72,50,0.000000,Dotted Eighth
1561566,1564126,41,76,50,0.166667,Dotted Eighth
1565662,1569758,41,79,50,0.333333,Dotted Eighth
1571294,1572318,41,81,50,0.500000,Sixteenth
1571294,1573342,41,72,50,0.500000,Dotted Eighth
1571294,1573342,42,64,50,0.500000,Dotted Eighth
1571294,1573342,43,60,50,0.500000,Dotted Eighth
1572318,1573342,41,79,50,0.541667,Dotted Eighth
1573342,1576926,41,72,50,0.666667,Dotted Eighth
1573342,1576926,42,64,50,0.666667,Dotted Eighth
1573342,1576926,43,60,50,0.666667,Dotted Eighth
1573342,1578462,41,78,50,0.666667,Quarter
1578462,1582558,41,72,50,0.833333,Dotted Eighth
1578462,1582558,42,64,50,0.833333,Dotted Eighth
1578462,1582558,43,60,50,0.833333,Dotted Eighth
1578462,1584094,41,79,50,0.833333,Quarter
1584094,1588190,41,72,51,0.000000,Dotted Eighth
1589726,1593310,41,76,51,0.166667,Dotted Eighth
1594846,1598942,41,79,51,0.333333,Dotted Eighth
1600478,1602014,41,81,51,0.500000,Sixteenth
1600478,1603550,41,67,51,0.500000,Dotted Eighth
1600478,1603550,42,64,51,0.500000,Dotted Eighth
1600478,1603550,43,60,51,0.500000,Dotted Eighth
1602014,1605086,41,79,51,0.541667,Dotted Eighth
1605086,1609182,41,67,51,0.666667,Dotted Eighth
1605086,1609182,42,64,51,0.666667,Dotted Eighth
1605086,1609182,43,60,51,0.666667,Dotted Eighth
1605086,1610206,41,78,51,0.666667,Quarter
1610718,1614814,41,67,51,0.833333,Dotted Eighth
1610718,1614814,42,64,51,0.833333,Dotted Eighth
1610718,1614814,43,60,51,0.833333,Dotted Eighth
1610718,1615838,41,79,51,0.833333,Quarter
1615838,1619421,41,71,52,0.000000,Dotted Eighth
1620446,1624030,41,74,52,0.166667,Dotted Eighth
1624542,1628638,41,79,52,0.333333,Dotted Eighth
1630174,1630685,41,81,52,0.500000,Sixteenth
1630174,1632222,41,71,52,0.500000,Dotted Eighth
1630174,1632222,42,62,52,0.500000,Dotted Eighth
1630174,1632222,43,55,52,0.500000,Dotted Eighth
1630685,1633246,41,79,52,0.541667,Dotted Eighth
1633758,1637342,41,71,52,0.666667,Dotted Eighth
1633758,1637342,42,62,52,0.666667,Dotted Eighth
1633758,1637342,43,55,52,0.666667,Dotted Eighth
1633758,1638878,41,78,52,0.666667,Quarter
1638878,1642462,41,71,52,0.833333,Dotted Eighth
1638878,1642462,42,62,52,0.833333,Dotted Eighth
1638878,1642462,43,55,52,0.833333,Dotted Eighth
1638878,1643998,41,79,52,0.833333,Quarter
1643998,1648094,41,71,53,0.000000,Dotted Eighth
1649630,1652702,41,74,53,0.166667,Dotted Eighth
1653726,1657310,41,79,53,0.333333,Dotted Eighth
1658845,1660382,41,81,53,0.500000,Sixteenth
1658845,1662942,41,71,53,0.500000,Dotted Eighth
1658845,1662942,42,62,53,0.500000,Dotted Eighth
1658845,1662942,43,55,53,0.500000,Dotted Eighth
1660382,1664477,41,79,53,0.541667,Dotted Eighth
1664477,1666014,41,71,53,0.666667,Dotted Eighth
1664477,1666014,42,62,53,0.666667,Dotted Eighth
1664477,1666014,43,55,53,0.666667,Dotted Eighth
1664477,1666526,41,78,53,0.666667,Quarter
1666526,1670622,41,71,53,0.833333,Dotted Eighth
1666526,1670622,42,62,53,0.833333,Dotted Eighth
1666526,1670622,43,55,53,0.833333,Dotted Eighth
1666526,1671646,41,79,53,0.833333,Quarter
1672158,1676254,41,69,54,0.000000,Dotted Eighth
1677278,1681373,41,74,54,0.166667,Dotted Eighth
1682910,1686493,41,77,54,0.333333,Dotted Eighth
1687005,1688542,41,79,54,0.500000,Sixteenth
1687005,1691102,41,69,54,0.500000,Dotted Eighth
1687005,1691102,42,62,54,0.500000,Dotted Eighth
1687005,1691102,43,57,54,0.500000,Dotted Eighth
1688542,1692637,41,77,54,0.541667,Dotted Eighth
1692637,1696734,41,69,54,0.666667,Dotted Eighth
1692637,1696734,42,62,54,0.666667,Dotted Eighth
1692637,1696734,43,57,54,0.666667,Dotted Eighth
1692637,1697757,41,76,54,0.666667,Quarter
1698270,1700830,41,69,54,0.833333,Dotted Eighth
1698270,1700830,42,62,54,0.833333,Dotted Eighth
1698270,1700830,43,57,54,0.833333,Dotted Eighth
1698270,1702366,41,77,54,0.833333,Quarter
1702366,1705950,41,69,55,0.000000,Dotted Eighth
1702366,1707486,41,69,55,0.000000,Quarter
1702366,1707486,42,62,55,0.000000,Quarter
1702366,1707486,43,57,55,0.000000,Quarter
1707486,1709021,41,74,55,0.166667,Dotted Eighth
1710558,1714653,41,77,55,0.333333,Dotted Eighth
1716190,1720798,41,69,55,0.500000,Dotted Eighth
1716190,1721822,41,69,55,0.500000,Quarter
1716190,1721822,42,61,55,0.500000,Quarter
1716190,1721822,43,57,55,0.500000,Quarter
1721822,1726430,41,73,55,0.666667,Dotted Eighth
1727966,1732574,41,76,55,0.833333,Dotted Eighth
1734110,1738718,41,65,56,0.000000,Dotted Eighth
1740254,1743838,41,69,56,0.166667,Dotted Eighth
1745374,1748958,41,74,56,0.333333,Dotted Eighth
1750494,1752030,41,76,56,0.500000,Sixteenth
1750494,1753565,41,62,56,0.500000,Dotted Eighth
1750494,1753565,42,50,56,0.500000,Dotted Eighth
1750494,1753565,43,38,56,0.500000,Dotted Eighth
1752030,1754077,41,74,56,0.541667,Dotted Eighth
1754077,1758174,41,62,56,0.666667,Dotted Eighth
1754077,1758174,42,50,56,0.666667,Dotted Eighth
1754077,1758174,43,38,56,0.666667,Dotted Eighth
1754077,1759709,41,73,56,0.666667,Quarter
1759709,1761246,41,62,56,0.833333,Dotted Eighth
1759709,1761246,42,50,56,0.833333,Dotted Eighth
1759709,1761246,43,38,56,0.833333,Dotted Eighth
1759709,1761758,41,74,56,0.833333,Quarter
1762270,1765854,41,67,57,0.000000,Dotted Eighth
1766878,1770974,41,70,57,0.166667,Dotted Eighth
1772510,1776606,41,74,57,0.333333,Dotted Eighth
1778142,1779678,41,76,57,0.500000,Sixteenth
1778142,1781725,41,58,57,0.500000,Dotted Eighth
1778142,1781725,42,55,57,0.500000,Dotted Eighth
1778142,1781725,43,38,57,0.500000,Dotted Eighth
1779678,1782238,41,74,57,0.541667,Dotted Eighth
1782750,1786334,41,58,57,0.666667,Dotted Eighth
1782750,1786334,42,55,57,0.666667,Dotted Eighth
1782750,1786334,43,38,57,0.666667,Dotted Eighth
1782750,1787357,41,73,57,0.666667,Quarter
1787357,1790942,41,58,57,0.833333,Dotted Eighth
1787357,1790942,42,55,57,0.833333,Dotted Eighth
1787357,1790942,43,38,57,0.833333,Dotted Eighth
1787357,1792478,41,74,57,0.833333,Quarter
1792478,1795038,41,65,58,0.000000,Dotted Eighth
1796574,1799646,41,69,58,0.166667,Dotted Eighth
1801182,1805278,41,74,58,0.333333,Dotted Eighth
1806302,1807838,41,76,58,0.500000,Sixteenth
1806302,1810398,41,57,58,0.500000,Dotted Eighth
1806302,1810398,42,53,58,0.500000,Dotted Eighth
1806302,1810398,43,38,58,0.500000,Dotted Eighth
1807838,1811934,41,74,58,0.541667,Dotted Eighth
1811934,1816030,41,57,58,0.666667,Dotted Eighth
1811934,1816030,42,53,58,0.666667,Dotted Eighth
1811934,1816030,43,38,58,0.666667,Dotted Eighth
1811934,1817054,41,73,58,0.666667,Quarter
1817054,1820637,41,57,58,0.833333,Dotted Eighth
1817054,1820637,42,53,58,0.833333,Dotted Eighth
1817054,1820637,43,38,58,0.833333,Dotted Eighth
1817054,1822174,41,74,58,0.833333,Quarter
1822174,1826269,41,65,59,0.000000,Dotted Eighth
1827806,1830366,41,69,59,0.166667,Dotted Eighth
1831901,1835998,41,74,59,0.333333,Dotted Eighth
1837533,1841630,41,57,59,0.500000,Dotted Eighth
1837533,1841630,41,69,59,0.500000,Dotted Eighth
1837533,1841630,42,49,59,0.500000,Dotted Eighth
1837533,1841630,43,45,59,0.500000,Dotted Eighth
1843165,1847262,41,61,59,0.666667,Dotted Eighth
1843165,1847262,41,73,59,0.666667,Dotted Eighth
1843165,1847262,42,57,59,0.666667,Dotted Eighth
1843165,1847262,43,57,59,0.666667,Dotted Eighth
1847774,1848797,41,61,59,0.833333,Dotted Eighth
1847774,1848797,41,76,59,0.833333,Dotted Eighth
1847774,1848797,42,57,59,0.833333,Dotted Eighth
1847774,1848797,43,57,59,0.833333,Dotted Eighth
1850334,1853918,41,69,60,0.000000,Dotted Eighth
1855454,1859038,41,74,60,0.166667,Dotted Eighth
1860061,1864158,41,77,60,0.333333,Dotted Eighth
1865693,1866718,41,79,60,0.500000,Sixteenth
1865693,1869278,41,62,60,0.500000,Dotted Eighth
1865693,1869278,42,57,60,0.500000,Dotted Eighth
1865693,1869278,43,50,60,0.500000,Dotted Eighth
1866718,1869278,41,77,60,0.541667,Dotted Eighth
1869278,1872862,41,69,60,0.666667,Dotted Eighth
1869278,1872862,42,62,60,0.666667,Dotted Eighth
1869278,1872862,43,50,60,0.666667,Dotted Eighth
1869278,1874398,41,76,60,0.666667,Quarter
1874398,1876446,41,69,60,0.833333,Dotted Eighth
1874398,1876446,42,62,60,0.833333,Dotted Eighth
1874398,1876446,43,50,60,0.833333,Dotted Eighth
1874398,1877982,41,77,60,0.833333,Quarter
1877982,1882078,41,71,61,0.000000,Dotted Eighth
1883614,1886686,41,74,61,0.166667,Dotted Eighth
1888221,1890270,41,79,61,0.333333,Dotted Eighth
1891806,1893341,41,81,61,0.500000,Sixteenth
1891806,1895902,41,71,61,0.500000,Dotted Eighth
1891806,1895902,42,62,61,0.500000,Dotted Eighth
1891806,1895902,43,43,61,0.500000,Dotted Eighth
1893341,1897438,41,79,61,0.541667,Dotted Eighth
1897438,1901534,41,71,61,0.666667,Dotted Eighth
1897438,1901534,42,62,61,0.666667,Dotted Eighth
1897438,1901534,43,43,61,0.666667,Dotted Eighth
1897438,1903070,41,78,61,0.666667,Quarter
1903070,1907166,41,71,61,0.833333,Dotted Eighth
1903070,1907166,42,62,61,0.833333,Dotted Eighth
1903070,1907166,43,43,61,0.833333,Dotted Eighth
1903070,1908190,41,79,61,0.833333,Quarter
1908702,1912286,41,72,62,0.000000,Dotted Eighth
1913822,1917918,41,76,62,0.166667,Dotted Eighth
1919454,1923550,41,79,62,0.333333,Dotted Eighth
1925598,1927133,41,81,62,0.500000,Sixteenth
1925598,1929694,41,72,62,0.500000,Dotted Eighth
1925598,1929694,42,64,62,0.500000,Dotted Eighth
1925598,1929694,43,48,62,0.500000,Dotted Eighth
1927133,1930718,41,79,62,0.541667,Dotted Eighth
1931230,1934302,41,72,62,0.666667,Dotted Eighth
1931230,1934302,42,64,62,0.666667,Dotted Eighth
1931230,1934302,43,48,62,0.666667,Dotted Eighth
1931230,1935326,41,78,62,0.666667,Quarter
1935326,1938910,41,72,62,0.833333,Dotted Eighth
1935326,1938910,42,64,62,0.833333,Dotted Eighth
1935326,1938910,43,48,62,0.833333,Dotted Eighth
1935326,1940446,41,79,62,0.833333,Quarter
1940446,1944029,41,72,63,0.000000,Dotted Eighth
1945566,1949661,41,76,63,0.166667,Dotted Eighth
1951198,1954782,41,79,63,0.333333,Dotted Eighth
1955806,1959902,41,72,63,0.500000,Dotted Eighth
1955806,1959902,42,63,63,0.500000,Dotted Eighth
1955806,1959902,43,41,63,0.500000,Dotted Eighth
1961438,1965534,41,72,63,0.666667,Dotted Eighth
1961438,1965534,41,75,63,0.666667,Dotted Eighth
1961438,1965534,42,63,63,0.666667,Dotted Eighth
1961438,1965534,43,41,63,0.666667,Dotted Eighth
1967070,1971166,41,72,63,0.833333,Dotted Eighth
1967070,1971166,41,81,63,0.833333,Dotted Eighth
1967070,1971166,42,63,63,0.833333,Dotted Eighth
1967070,1971166,43,41,63,0.833333,Dotted Eighth
1972702,1973214,41,74,64,0.000000,Dotted Eighth
1973726,1977309,41,77,64,0.166667,Dotted Eighth
1978334,1982430,41,82,64,0.333333,Dotted Eighth
1983966,1985502,41,84,64,0.500000,Sixteenth
1983966,1988062,41,65,64,0.500000,Dotted Eighth
1983966,1988062,42,62,64,0.500000,Dotted Eighth
1983966,1988062,43,46,64,0.500000,Dotted Eighth
1985502,1989598,41,82,64,0.541667,Dotted Eighth
1989598,1993182,41,65,64,0.666667,Dotted Eighth
1989598,1993182,42,62,64,0.666667,Dotted Eighth
1989598,1993182,43,46,64,0.666667,Dotted Eighth
1989598,1994205,41,81,64,0.666667,Quarter
1994717,1997790,41,65,64,0.833333,Dotted Eighth
1994717,1997790,42,62,64,0.833333,Dotted Eighth
1994717,1997790,43,46,64,0.833333,Dotted Eighth
1994717,1999326,41,82,64,0.833333,Quarter
1999326,2003422,41,77,65,0.000000,Dotted Eighth
2004958,2008030,41,81,65,0.166667,Dotted Eighth
2009054,2011101,41,84,65,0.333333,Dotted Eighth
2012638,2013662,41,86,65,0.500000,Sixteenth
2012638,2016733,41,65,65,0.500000,Dotted Eighth
2012638,2016733,42,57,65,0.500000,Dotted Eighth
2012638,2016733,43,41,65,0.500000,Dotted Eighth
2013662,2017758,41,84,65,0.541667,Dotted Eighth
2017758,2020830,41,65,65,0.666667,Dotted Eighth
2017758,2020830,42,57,65,0.666667,Dotted Eighth
2017758,2020830,43,41,65,0.666667,Dotted Eighth
2017758,2022365,41,83,65,0.666667,Quarter
2022365,2026462,41,65,65,0.833333,Dotted Eighth
2022365,2026462,42,57,65,0.833333,Dotted Eighth
2022365,2026462,43,41,65,0.833333,Dotted Eighth
2022365,2027997,41,84,65,0.833333,Quarter
2027997,2032094,41,77,66,0.000000,Dotted Eighth
2033629,2037214,41,82,66,0.166667,Dotted Eighth
2038750,2042334,41,86,66,0.333333,Dotted Eighth
2043870,2045406,41,87,66,0.500000,Sixteenth
2043870,2047966,41,65,66,0.500000,Dotted Eighth
2043870,2047966,42,62,66,0.500000,Dotted Eighth
2043870,2047966,43,58,66,0.500000,Dotted Eighth
2045406,2048478,41,86,66,0.541667,Dotted Eighth
2048478,2051550,41,65,66,0.666667,Dotted Eighth
2048478,2051550,42,62,66,0.666667,Dotted Eighth
2048478,2051550,43,58,66,0.666667,Dotted Eighth
2048478,2053086,41,84,66,0.666667,Quarter
2053086,2056670,41,65,66,0.833333,Dotted Eighth
2053086,2056670,42,62,66,0.833333,Dotted Eighth
2053086,2056670,43,58,66,0.833333,Dotted Eighth
2053086,2057694,41,86,66,0.833333,Quarter
2058206,2061789,41,81,67,0.000000,Dotted Eighth
2061789,2064350,41,84,67,0.166667,Dotted Eighth
2065886,2069982,41,89,67,0.333333,Dotted Eighth
2071518,2072541,41,91,67,0.500000,Sixteenth
2071518,2075102,41,65,67,0.500000,Dotted Eighth
2071518,2075102,42,57,67,0.500000,Dotted Eighth
2071518,2075102,43,53,67,0.500000,Dotted Eighth
2072541,2076126,41,89,67,0.541667,Dotted Eighth
2076638,2080734,41,65,67,0.666667,Dotted Eighth
2076638,2080734,42,57,67,0.666667,Dotted Eighth
2076638,2080734,43,53,67,0.666667,Dotted Eighth
2076638,2081758,41,88,67,0.666667,Quarter
2081758,2085342,41,65,67,0.833333,Dotted Eighth
2081758,2085342,42,57,67,0.833333,Dotted Eighth
2081758,2085342,43,53,67,0.833333,Dotted Eighth
2081758,2086366,41,89,67,0.833333,Quarter
2086366,2089950,41,74,68,0.000000,Dotted Eighth
2091486,2095582,41,77,68,0.166667,Dotted Eighth
2097118,2101214,41,82,68,0.333333,Dotted Eighth
2102238,2102750,41,84,68,0.500000,Sixteenth
2102238,2105310,41,65,68,0.500000,Dotted Eighth
2102238,2105310,42,62,68,0.500000,Dotted Eighth
2102238,2105310,43,58,68,0.500000,Dotted Eighth
2102750,2106846,41,82,68,0.541667,Dotted Eighth
2106846,2110942,41,65,68,0.666667,Dotted Eighth
2106846,2110942,42,62,68,0.666667,Dotted Eighth
2106846,2110942,43,58,68,0.666667,Dotted Eighth
2106846,2112478,41,81,68,0.666667,Quarter
2112478,2116574,41,65,68,0.833333,Dotted Eighth
2112478,2116574,42,62,68,0.833333,Dotted Eighth
2112478,2116574,43,58,68,0.833333,Dotted Eighth
2112478,2118110,41,82,68,0.833333,Quarter
2118110,2121694,41,77,69,0.000000,Dotted Eighth
2123230,2125790,41,81,69,0.166667,Dotted Eighth
2127326,2130398,41,84,69,0.333333,Dotted Eighth
2131934,2133470,41,86,69,0.500000,Sixteenth
2131934,2135518,41,69,69,0.500000,Dotted Eighth
2131934,2135518,42,65,69,0.500000,Dotted Eighth
2131934,2135518,43,53,69,0.500000,Dotted Eighth
2133470,2136542,41,84,69,0.541667,Dotted Eighth
2136542,2139614,41,69,69,0.666667,Dotted Eighth
2136542,2139614,42,65,69,0.666667,Dotted Eighth
2136542,2139614,43,53,69,0.666667,Dotted Eighth
2136542,2140638,41,83,69,0.666667,Quarter
2141150,2144734,41,69,69,0.833333,Dotted Eighth
2141150,2144734,42,65,69,0.833333,Dotted Eighth
2141150,2144734,43,53,69,0.833333,Dotted Eighth
2141150,2146270,41,84,69,0.833333,Quarter
2146270,2150366,41,84,70,0.000000,Dotted Eighth
2151390,2151902,41,86,70,0.166667,Dotted Eighth
2153438,2157534,41,87,70,0.333333,Dotted Eighth
2159070,2162654,41,69,70,0.500000,Dotted Eighth
2159070,2162654,41,77,70,0.500000,Dotted Eighth
2159070,2162654,41,89,70,0.500000,Dotted Eighth
2159070,2162654,42,60,70,0.500000,Dotted Eighth
2159070,2162654,43,53,70,0.500000,Dotted Eighth
2163678,2167774,41,69,70,0.666667,Dotted Eighth
2163678,2167774,41,77,70,0.666667,Dotted Eighth
2163678,2167774,41,91,70,0.666667,Dotted Eighth
2163678,2167774,42,60,70,0.666667,Dotted Eighth
2163678,2167774,43,53,70,0.666667,Dotted Eighth
2168798,2172894,41,69,70,0.833333,Dotted Eighth
2168798,2172894,41,77,70,0.833333,Dotted Eighth
2168798,2172894,41,93,70,0.833333,Dotted Eighth
2168798,2172894,42,60,70,0.833333,Dotted Eighth
2168798,2172894,43,53,70,0.833333,Dotted Eighth
2173918,2179550,41,70,71,0.000000,Quarter
2173918,2179550,41,77,71,0.000000,Quarter
2173918,2179550,41,94,71,0.000000,Quarter
2173918,2179550,42,62,71,0.000000,Quarter
2173918,2179550,43,58,71,0.000000,Quarter
2190814,2194910,41,72,71,0.500000,Dotted Eighth
2190814,2194910,42,69,71,0.500000,Dotted Eighth
2190814,2194910,43,65,71,0.500000,Dotted Eighth
2196446,2200542,41,72,71,0.666667,Dotted Eighth
2196446,2200542,42,69,71,0.666667,Dotted Eighth
2196446,2200542,43,65,71,0.666667,Dotted Eighth
2202078,2204638,41,72,71,0.833333,Dotted Eighth
2202078,2204638,42,69,71,0.833333,Dotted Eighth
2202078,2204638,43,65,71,0.833333,Dotted Eighth
2206174,2208734,41,72,72,0.000000,Dotted Eighth
2210270,2213854,41,77,72,0.166667,Dotted Eighth
2215390,2219486,41,81,72,0.333333,Dotted Eighth
2221022,2222558,41,82,72,0.500000,Sixteenth
2221022,2224606,41,65,72,0.500000,Dotted Eighth
2221022,2224606,41,72,72,0.500000,Dotted Eighth
2221022,2224606,42,69,72,0.500000,Dotted Eighth
2221022,2224606,43,53,72,0.500000,Dotted Eighth
2222558,2225630,41,81,72,0.541667,Dotted Eighth
2225630,2228702,41,65,72,0.666667,Dotted Eighth
2225630,2228702,41,72,72,0.666667,Dotted Eighth
2225630,2228702,42,69,72,0.666667,Dotted Eighth
2225630,2228702,43,53,72,0.666667,Dotted Eighth
2225630,2229726,41,79,72,0.666667,Quarter
2230238,2233822,41,65,72,0.833333,Dotted Eighth
2230238,2233822,41,72,72,0.833333,Dotted Eighth
2230238,2233822,42,69,72,0.833333,Dotted Eighth
2230238,2233822,43,53,72,0.833333,Dotted Eighth
2230238,2234846,41,81,72,0.833333,Quarter
2234846,2238430,41,72,73,0.000000,Dotted Eighth
2239966,2243550,41,76,73,0.166667,Dotted Eighth
2245086,2249182,41,79,73,0.333333,Dotted Eighth
2250718,2251742,41,81,73,0.500000,Sixteenth
2250718,2254302,41,72,73,0.500000,Dotted Eighth
2250718,2254302,42,64,73,0.500000,Dotted Eighth
2250718,2254302,43,60,73,0.500000,Dotted Eighth
2251742,2255326,41,79,73,0.541667,Dotted Eighth
2255838,2259422,41,72,73,0.666667,Dotted Eighth
2255838,2259422,42,64,73,0.666667,Dotted Eighth
2255838,2259422,43,60,73,0.666667,Dotted Eighth
2255838,2260446,41,78,73,0.666667,Quarter
2260446,2264030,41,72,73,0.833333,Dotted Eighth
2260446,2264030,41,79,73,0.833333,Quarter
2260446,2264030,42,64,73,0.833333,Dotted Eighth
2260446,2264030,43,60,73,0.833333,Dotted Eighth
2264030,2268126,41,72,74,0.000000,Dotted Eighth
2269150,2272734,41,76,74,0.166667,Dotted Eighth
2274270,2277854,41,79,74,0.333333,Dotted Eighth
2279390,2280926,41,81,74,0.500000,Sixteenth
2279390,2282462,41,67,74,0.500000,Dotted Eighth
2279390,2282462,42,64,74,0.500000,Dotted Eighth
2279390,2282462,43,60,74,0.500000,Dotted Eighth
2280926,2283998,41,79,74,0.541667,Dotted Eighth
2283998,2288094,41,67,74,0.666667,Dotted Eighth
2283998,2288094,42,64,74,0.666667,Dotted Eighth
2283998,2288094,43,60,74,0.666667,Dotted Eighth
2283998,2289630,41,78,74,0.666667,Quarter
2289630,2292190,41,67,74,0.833333,Dotted Eighth
2289630,2292190,42,64,74,0.833333,Dotted Eighth
2289630,2292190,43,60,74,0.833333,Dotted Eighth
2289630,2293214,41,79,74,0.833333,Quarter
2293726,2296798,41,71,75,0.000000,Dotted Eighth
2298334,2302430,41,74,75,0.166667,Dotted Eighth
2303966,2308062,41,79,75,0.333333,Dotted Eighth
2309598,2311134,41,81,75,0.500000,Sixteenth
2309598,2313182,41,71,75,0.500000,Dotted Eighth
2309598,2313182,42,62,75,0.500000,Dotted Eighth
2309598,2313182,43,55,75,0.500000,Dotted Eighth
2311134,2313694,41,79,75,0.541667,Dotted Eighth
2314206,2317790,41,71,75,0.666667,Dotted Eighth
2314206,2317790,41,78,75,0.666667,Quarter
2314206,2317790,42,62,75,0.666667,Dotted Eighth
2314206,2317790,43,55,75,0.666667,Dotted Eighth
2317790,2320862,41,71,75,0.833333,Dotted Eighth
2317790,2320862,42,62,75,0.833333,Dotted Eighth
2317790,2320862,43,55,75,0.833333,Dotted Eighth
2317790,2322398,41,79,75,0.833333,Quarter
2322398,2325470,41,71,76,0.000000,Dotted Eighth
2327006,2330590,41,74,76,0.166667,Dotted Eighth
2332126,2335710,41,79,76,0.333333,Dotted Eighth
2337246,2338270,41,81,76,0.500000,Sixteenth
2337246,2340830,41,71,76,0.500000,Dotted Eighth
2337246,2340830,42,62,76,0.500000,Dotted Eighth
2337246,2340830,43,55,76,0.500000,Dotted Eighth
2338270,2342366,41,79,76,0.541667,Dotted Eighth
2342366,2345950,41,71,76,0.666667,Dotted Eighth
2342366,2345950,42,62,76,0.666667,Dotted Eighth
2342366,2345950,43,55,76,0.666667,Dotted Eighth
2342366,2346462,41,78,76,0.666667,Quarter
2346462,2350558,41,71,76,0.833333,Dotted Eighth
2346462,2350558,42,62,76,0.833333,Dotted Eighth
2346462,2350558,43,55,76,0.833333,Dotted Eighth
2346462,2352094,41,79,76,0.833333,Quarter
2352094,2355678,41,69,77,0.000000,Dotted Eighth
2357214,2359774,41,74,77,0.166667,Dotted Eighth
2361310,2365406,41,77,77,0.333333,Dotted Eighth
2366942,2368478,41,79,77,0.500000,Sixteenth
2366942,2371038,41,69,77,0.500000,Dotted Eighth
2366942,2371038,42,62,77,0.500000,Dotted Eighth
2366942,2371038,43,57,77,0.500000,Dotted Eighth
2368478,2372062,41,77,77,0.541667,Dotted Eighth
2372062,2376158,41,69,77,0.666667,Dotted Eighth
2372062,2376158,42,62,77,0.666667,Dotted Eighth
2372062,2376158,43,57,77,0.666667,Dotted Eighth
2372062,2377182,41,76,77,0.666667,Quarter
2377694,2381790,41,69,77,0.833333,Dotted Eighth
2377694,2381790,42,62,77,0.833333,Dotted Eighth
2377694,2381790,43,57,77,0.833333,Dotted Eighth
2377694,2382814,41,77,77,0.833333,Quarter
2382814,2384862,41,69,78,0.000000,Dotted Eighth
2382814,2385374,41,69,78,0.000000,Quarter
2382814,2385374,42,62,78,0.000000,Quarter
2382814,2385374,43,57,78,0.000000,Quarter
2385374,2388446,41,74,78,0.166667,Dotted Eighth
2389470,2392030,41,77,78,0.333333,Dotted Eighth
2393054,2397662,41,69,78,0.500000,Dotted Eighth
2393054,2399198,41,69,78,0.500000,Quarter
2393054,2399198,42,61,78,0.500000,Quarter
2393054,2399198,43,57,78,0.500000,Quarter
2399198,2402270,41,73,78,0.666667,Dotted Eighth
2402782,2407390,41,76,78,0.833333,Dotted Eighth
2408926,2412510,41,65,79,0.000000,Dotted Eighth
2412510,2414558,41,69,79,0.166667,Dotted Eighth
2416094,2419166,41,74,79,0.333333,Dotted Eighth
2420190,2421726,41,76,79,0.500000,Sixteenth
2420190,2424286,41,62,79,0.500000,Dotted Eighth
2420190,2424286,42,50,79,0.500000,Dotted Eighth
2420190,2424286,43,38,79,0.500000,Dotted Eighth
2421726,2425822,41,74,79,0.541667,Dotted Eighth
2425822,2429918,41,62,79,0.666667,Dotted Eighth
2425822,2429918,42,50,79,0.666667,Dotted Eighth
2425822,2429918,43,38,79,0.666667,Dotted Eighth
2425822,2431454,41,73,79,0.666667,Quarter
2431454,2435550,41,62,79,0.833333,Dotted Eighth
2431454,2435550,42,50,79,0.833333,Dotted Eighth
2431454,2435550,43,38,79,0.833333,Dotted Eighth
2431454,2437086,41,74,79,0.833333,Quarter
2437086,2441182,41,67,80,0.000000,Dotted Eighth
2442718,2445790,41,70,80,0.166667,Dotted Eighth
2446814,2450910,41,74,80,0.333333,Dotted Eighth
2452446,2453982,41,76,80,0.500000,Sixteenth
2452446,2456030,41,58,80,0.500000,Dotted Eighth
2452446,2456030,42,55,80,0.500000,Dotted Eighth
2452446,2456030,43,38,80,0.500000,Dotted Eighth
2453982,2457566,41,74,80,0.541667,Dotted Eighth
2457566,2460126,41,58,80,0.666667,Dotted Eighth
2457566,2460126,42,55,80,0.666667,Dotted Eighth
2457566,2460126,43,38,80,0.666667,Dotted Eighth
2457566,2460638,41,73,80,0.666667,Quarter
2461150,2464222,41,58,80,0.833333,Dotted Eighth
2461150,2464222,42,55,80,0.833333,Dotted Eighth
2461150,2464222,43,38,80,0.833333,Dotted Eighth
2461150,2465758,41,74,80,0.833333,Quarter
2465758,2469854,41,65,81,0.000000,Dotted Eighth
2471390,2475486,41,69,81,0.166667,Dotted Eighth
2477022,2480094,41,74,81,0.333333,Dotted Eighth
2481630,2483678,41,57,81,0.500000,Dotted Eighth
2481630,2483678,42,53,81,0.500000,Dotted Eighth
2481630,2483678,43,38,81,0.500000,Dotted Eighth
2481630,2484702,41,74,81,0.541667,Dotted Eighth
2484702,2488798,41,57,81,0.666667,Dotted Eighth
2484702,2488798,42,53,81,0.666667,Dotted Eighth
2484702,2488798,43,38,81,0.666667,Dotted Eighth
2484702,2489310,41,73,81,0.666667,Quarter
2489310,2492382,41,57,81,0.833333,Dotted Eighth
2489310,2492382,42,53,81,0.833333,Dotted Eighth
2489310,2492382,43,38,81,0.833333,Dotted Eighth
2489310,2493918,41,74,81,0.833333,Quarter
2493918,2498014,41,65,82,0.000000,Dotted Eighth
2499550,2503646,41,69,82,0.166667,Dotted Eighth
2504670,2508254,41,74,82,0.333333,Dotted Eighth
2509790,2513886,41,57,82,0.500000,Dotted Eighth
2509790,2513886,41,69,82,0.500000,Dotted Eighth
2509790,2513886,42,49,82,0.500000,Dotted Eighth
2509790,2513886,43,45,82,0.500000,Dotted Eighth
2515422,2519006,41,61,82,0.666667,Dotted Eighth
2515422,2519006,41,73,82,0.666667,Dotted Eighth
2515422,2519006,42,57,82,0.666667,Dotted Eighth
2515422,2519006,43,57,82,0.666667,Dotted Eighth
2520030,2523614,41,61,82,0.833333,Dotted Eighth
2520030,2523614,41,76,82,0.833333,Dotted Eighth
2520030,2523614,42,57,82,0.833333,Dotted Eighth
2520030,2523614,43,57,82,0.833333,Dotted Eighth
2525662,2529246,41,69,83,0.000000,Dotted Eighth
2530782,2534366,41,74,83,0.166667,Dotted Eighth
2534878,2538462,41,77,83,0.333333,Dotted Eighth
2539998,2541534,41,79,83,0.500000,Sixteenth
2539998,2544094,41,62,83,0.500000,Dotted Eighth
2539998,2544094,42,57,83,0.500000,Dotted Eighth
2539998,2544094,43,50,83,0.500000,Dotted Eighth
2541534,2545118,41,77,83,0.541667,Dotted Eighth
2545630,2548702,41,69,83,0.666667,Dotted Eighth
2545630,2548702,42,62,83,0.666667,Dotted Eighth
2545630,2548702,43,50,83,0.666667,Dotted Eighth
2545630,2550238,41,76,83,0.666667,Quarter
2550238,2553310,41,69,83,0.833333,Dotted Eighth
2550238,2553310,42,62,83,0.833333,Dotted Eighth
2550238,2553310,43,50,83,0.833333,Dotted Eighth
2550238,2554846,41,77,83,0.833333,Quarter
2554846,2558430,41,71,84,0.000000,Dotted Eighth
2559966,2563550,41,74,84,0.166667,Dotted Eighth
2565086,2569182,41,79,84,0.333333,Dotted Eighth
2569694,2570206,41,71,84,0.500000,Dotted Eighth
2569694,2570206,41,81,84,0.500000,Sixteenth
2569694,2570206,42,62,84,0.500000,Dotted Eighth
2569694,2570206,43,43,84,0.500000,Dotted Eighth
2570206,2570718,41,79,84,0.541667,Dotted Eighth
2570718,2574302,41,71,84,0.666667,Dotted Eighth
2570718,2574302,42,62,84,0.666667,Dotted Eighth
2570718,2574302,43,43,84,0.666667,Dotted Eighth
2570718,2575838,41,78,84,0.666667,Quarter
2575838,2579934,41,71,84,0.833333,Dotted Eighth
2575838,2579934,42,62,84,0.833333,Dotted Eighth
2575838,2579934,43,43,84,0.833333,Dotted Eighth
2575838,2581470,41,79,84,0.833333,Quarter
2581470,2585566,41,72,85,0.000000,Dotted Eighth
2587102,2590686,41,76,85,0.166667,Dotted Eighth
2592222,2596318,41,79,85,0.333333,Dotted Eighth
2597854,2599390,41,81,85,0.500000,Sixteenth
2597854,2601950,41,72,85,0.500000,Dotted Eighth
2597854,2601950,42,64,85,0.500000,Dotted Eighth
2597854,2601950,43,48,85,0.500000,Dotted Eighth
2599390,2603486,41,79,85,0.541667,Dotted Eighth
2603486,2606046,41,72,85,0.666667,Dotted Eighth
2603486,2606046,41,78,85,0.666667,Quarter
2603486,2606046,42,64,85,0.666667,Dotted Eighth
2603486,2606046,43,48,85,0.666667,Dotted Eighth
2606558,2609118,41,72,85,0.833333,Dotted Eighth
2606558,2609118,42,64,85,0.833333,Dotted Eighth
2606558,2609118,43,48,85,0.833333,Dotted Eighth
2606558,2610654,41,79,85,0.833333,Quarter
2610654,2614750,41,72,86,0.000000,Dotted Eighth
2615774,2619358,41,76,86,0.166667,Dotted Eighth
2620894,2625502,41,79,86,0.333333,Dotted Eighth
2627038,2631134,41,72,86,0.500000,Dotted Eighth
2627038,2631134,42,63,86,0.500000,Dotted Eighth
2627038,2631134,43,41,86,0.500000,Dotted Eighth
2632158,2636254,41,72,86,0.666667,Dotted Eighth
2632158,2636254,41,75,86,0.666667,Dotted Eighth
2632158,2636254,42,63,86,0.666667,Dotted Eighth
2632158,2636254,43,41,86,0.666667,Dotted Eighth
2637790,2641374,41,72,86,0.833333,Dotted Eighth
2637790,2641374,41,81,86,0.833333,Dotted Eighth
2637790,2641374,42,63,86,0.833333,Dotted Eighth
2637790,2641374,43,41,86,0.833333,Dotted Eighth
2641374,2643422,41,74,87,0.000000,Dotted Eighth
2644958,2648030,41,77,87,0.166667,Dotted Eighth
2649054,2653150,41,82,87,0.333333,Dotted Eighth
2654686,2656222,41,84,87,0.500000,Sixteenth
2654686,2658270,41,65,87,0.500000,Dotted Eighth
2654686,2658270,42,62,87,0.500000,Dotted Eighth
2654686,2658270,43,46,87,0.500000,Dotted Eighth
2656222,2659806,41,82,87,0.541667,Dotted Eighth
2659806,2663390,41,65,87,0.666667,Dotted Eighth
2659806,2663390,42,62,87,0.666667,Dotted Eighth
2659806,2663390,43,46,87,0.666667,Dotted Eighth
2659806,2664926,41,81,87,0.666667,Quarter
2664926,2668510,41,65,87,0.833333,Dotted Eighth
2664926,2668510,42,62,87,0.833333,Dotted Eighth
2664926,2668510,43,46,87,0.833333,Dotted Eighth
2664926,2669534,41,82,87,0.833333,Quarter
2670046,2673630,41,77,88,0.000000,Dotted Eighth
2675166,2677726,41,81,88,0.166667,Dotted Eighth
2678750,2681822,41,84,88,0.333333,Dotted Eighth
2683358,2684894,41,86,88,0.500000,Sixteenth
2683358,2687454,41,65,88,0.500000,Dotted Eighth
2683358,2687454,42,57,88,0.500000,Dotted Eighth
2683358,2687454,43,41,88,0.500000,Dotted Eighth
2684894,2688478,41,84,88,0.541667,Dotted Eighth
2688990,2691550,41,65,88,0.666667,Dotted Eighth
2688990,2691550,42,57,88,0.666667,Dotted Eighth
2688990,2691550,43,41,88,0.666667,Dotted Eighth
2688990,2693086,41,83,88,0.666667,Quarter
2693086,2696670,41,65,88,0.833333,Dotted Eighth
2693086,2696670,42,57,88,0.833333,Dotted Eighth
2693086,2696670,43,41,88,0.833333,Dotted Eighth
2693086,2698206,41,84,88,0.833333,Quarter
2698206,2702302,41,77,89,0.000000,Dotted Eighth
2703838,2707934,41,82,89,0.166667,Dotted Eighth
2709470,2709982,41,86,89,0.333333,Dotted Eighth
2709982,2711518,41,87,89,0.500000,Sixteenth
2709982,2714078,41,65,89,0.500000,Dotted Eighth
2709982,2714078,42,62,89,0.500000,Dotted Eighth
2709982,2714078,43,58,89,0.500000,Dotted Eighth
2711518,2715102,41,86,89,0.541667,Dotted Eighth
2715102,2718686,41,65,89,0.666667,Dotted Eighth
2715102,2718686,42,62,89,0.666667,Dotted Eighth
2715102,2718686,43,58,89,0.666667,Dotted Eighth
2715102,2719710,41,84,89,0.666667,Quarter
2719710,2722270,41,65,89,0.833333,Dotted Eighth
2719710,2722270,42,62,89,0.833333,Dotted Eighth
2719710,2722270,43,58,89,0.833333,Dotted Eighth
2719710,2723806,41,86,89,0.833333,Quarter
2723806,2727902,41,81,90,0.000000,Dotted Eighth
2729438,2733022,41,84,90,0.166667,Dotted Eighth
2734558,2738654,41,89,90,0.333333,Dotted Eighth
2740190,2741726,41,91,90,0.500000,Sixteenth
2740190,2744286,41,65,90,0.500000,Dotted Eighth
2740190,2744286,42,57,90,0.500000,Dotted Eighth
2740190,2744286,43,53,90,0.500000,Dotted Eighth
2741726,2745822,41,89,90,0.541667,Dotted Eighth
2745822,2749918,41,65,90,0.666667,Dotted Eighth
2745822,2749918,42,57,90,0.666667,Dotted Eighth
2745822,2749918,43,53,90,0.666667,Dotted Eighth
2745822,2750942,41,88,90,0.666667,Quarter
2751454,2755038,41,65,90,0.833333,Dotted Eighth
2751454,2755038,42,57,90,0.833333,Dotted Eighth
2751454,2755038,43,53,90,0.833333,Dotted Eighth
2751454,2756574,41,89,90,0.833333,Quarter
2756574,2760158,41,74,91,0.000000,Dotted Eighth
2760670,2763230,41,77,91,0.166667,Dotted Eighth
2764766,2768862,41,82,91,0.333333,Dotted Eighth
2770398,2771422,41,84,91,0.500000,Sixteenth
2770398,2773470,41,65,91,0.500000,Dotted Eighth
2770398,2773470,42,62,91,0.500000,Dotted Eighth
2770398,2773470,43,58,91,0.500000,Dotted Eighth
2771422,2775006,41,82,91,0.541667,Dotted Eighth
2775006,2779102,41,65,91,0.666667,Dotted Eighth
2775006,2779102,42,62,91,0.666667,Dotted Eighth
2775006,2779102,43,58,91,0.666667,Dotted Eighth
2775006,2780638,41,81,91,0.666667,Quarter
2780638,2784222,41,65,91,0.833333,Dotted Eighth
2780638,2784222,42,62,91,0.833333,Dotted Eighth
2780638,2784222,43,58,91,0.833333,Dotted Eighth
2780638,2785758,41,82,91,0.833333,Quarter
2785758,2789854,41,77,92,0.000000,Dotted Eighth
2791390,2794462,41,81,92,0.166667,Dotted Eighth
2795486,2799582,41,84,92,0.333333,Dotted Eighth
2800606,2801630,41,86,92,0.500000,Sixteenth
2800606,2804190,41,69,92,0.500000,Dotted Eighth
2800606,2804190,42,65,92,0.500000,Dotted Eighth
2800606,2804190,43,53,92,0.500000,Dotted Eighth
2801630,2805726,41,84,92,0.541667,Dotted Eighth
2805726,2809822,41,69,92,0.666667,Dotted Eighth
2805726,2809822,42,65,92,0.666667,Dotted Eighth
2805726,2809822,43,53,92,0.666667,Dotted Eighth
2805726,2811358,41,83,92,0.666667,Quarter
2811358,2814430,41,69,92,0.833333,Dotted Eighth
2811358,2814430,42,65,92,0.833333,Dotted Eighth
2811358,2814430,43,53,92,0.833333,Dotted Eighth
2811358,2815454,41,84,92,0.833333,Quarter
2815454,2818014,41,84,93,0.000000,Dotted Eighth
2819550,2820574,41,86,93,0.166667,Dotted Eighth
2822110,2825694,41,87,93,0.333333,Dotted Eighth
2827230,2831838,41,69,93,0.500000,Dotted Eighth
2827230,2831838,41,77,93,0.500000,Dotted Eighth
2827230,2831838,41,89,93,0.500000,Dotted Eighth
2827230,2831838,42,60,93,0.500000,Dotted Eighth
2827230,2831838,43,53,93,0.500000,Dotted Eighth
2832862,2836958,41,69,93,0.666667,Dotted Eighth
2832862,2836958,41,77,93,0.666667,Dotted Eighth
2832862,2836958,41,91,93,0.666667,Dotted Eighth
2832862,2836958,42,60,93,0.666667,Dotted Eighth
2832862,2836958,43,53,93,0.666667,Dotted Eighth
2836958,2840030,41,69,93,0.833333,Dotted Eighth
2836958,2840030,41,77,93,0.833333,Dotted Eighth
2836958,2840030,41,93,93,0.833333,Dotted Eighth
2836958,2840030,42,60,93,0.833333,Dotted Eighth
2836958,2840030,43,53,93,0.833333,Dotted Eighth
2841054,2847710,41,70,94,0.000000,Quarter
2841054,2847710,41,77,94,0.000000,Quarter
2841054,2847710,41,94,94,0.000000,Quarter
2841054,2847710,42,62,94,0.000000,Quarter
2841054,2847710,43,58,94,0.000000,Quarter
2855390,2859998,41,75,94,0.500000,Dotted Eighth
2855390,2859998,42,72,94,0.500000,Dotted Eighth
2855390,2859998,43,65,94,0.500000,Dotted Eighth
2860510,2863070,41,75,94,0.666667,Dotted Eighth
2860510,2863070,42,72,94,0.666667,Dotted Eighth
2860510,2863070,43,65,94,0.666667,Dotted Eighth
2865118,2869214,41,75,94,0.833333,Dotted Eighth
2865118,2869214,42,72,94,0.833333,Dotted Eighth
2865118,2869214,43,65,94,0.833333,Dotted Eighth
2870750,2874334,41,72,95,0.000000,Dotted Eighth
2875870,2879454,41,74,95,0.166667,Dotted Eighth
2880478,2883550,41,75,95,0.333333,Dotted Eighth
2885598,2889182,41,75,95,0.500000,Dotted Eighth
2885598,2889182,41,77,95,0.500000,Dotted Eighth
2885598,2889182,42,72,95,0.500000,Dotted Eighth
2885598,2889182,43,65,95,0.500000,Dotted Eighth
2890718,2893790,41,75,95,0.666667,Dotted Eighth
2890718,2893790,41,79,95,0.666667,Dotted Eighth
2890718,2893790,42,72,95,0.666667,Dotted Eighth
2890718,2893790,43,65,95,0.666667,Dotted Eighth
2894814,2897885,41,75,95,0.833333,Dotted Eighth
2894814,2897885,41,81,95,0.833333,Dotted Eighth
2894814,2897885,42,72,95,0.833333,Dotted Eighth
2894814,2897885,43,65,95,0.833333,Dotted Eighth
2899422,2903517,41,62,96,0.000000,Dotted Eighth
2899422,2903517,42,50,96,0.000000,Dotted Eighth
2899422,2903517,43,50,96,0.000000,Dotted Eighth
2899422,2905054,41,82,96,0.000000,Quarter
2905054,2909662,41,63,96,0.166667,Dotted Eighth
2905054,2909662,42,51,96,0.166667,Dotted Eighth
2905054,2909662,43,51,96,0.166667,Dotted Eighth
2911198,2914270,41,65,96,0.333333,Dotted Eighth
2911198,2914270,42,53,96,0.333333,Dotted Eighth
2911198,2914270,43,53,96,0.333333,Dotted Eighth
2915806,2918366,41,67,96,0.500000,Dotted Eighth
2915806,2918366,42,55,96,0.500000,Dotted Eighth
2915806,2918366,43,55,96,0.500000,Dotted Eighth
2919389,2923998,41,69,96,0.666667,Dotted Eighth
2919389,2923998,42,57,96,0.666667,Dotted Eighth
2919389,2923998,43,57,96,0.666667,Dotted Eighth
2925534,2926558,41,70,96,0.833333,Dotted Eighth
2925534,2926558,42,58,96,0.833333,Dotted Eighth
2925534,2926558,43,58,96,0.833333,Dotted Eighth
2927582,2937822,41,60,97,0.000000,Half
2927582,2937822,42,48,97,0.000000,Half
2927582,2937822,43,48,97,0.000000,Half
2942941,2954718,41,62,97,0.500000,Half
2942941,2954718,42,50,97,0.500000,Half
2942941,2954718,43,50,97,0.500000,Half
2960862,2973150,41,63,98,0.000000,Half
2960862,2973150,42,51,98,0.000000,Half
2960862,2973150,43,39,98,0.000000,Half
2979294,2990558,41,65,98,0.500000,Half
2979294,2990558,42,53,98,0.500000,Half
2979294,2990558,43,41,98,0.500000,Half
2997214,3009501,41,67,99,0.000000,Half
2997214,3009501,42,55,99,0.000000,Half
2997214,3009501,43,43,99,0.000000,Half
3016670,3029470,41,69,99,0.500000,Half
3016670,3029470,42,57,99,0.500000,Half
3016670,3029470,43,45,99,0.500000,Half
3035614,3054046,41,70,100,0.000000,Half
3035614,3054046,42,58,100,0.000000,Half
3035614,3054046,43,46,100,0.000000,Half
3063774,3098078,41,60,100,0.500000,Half
3063774,3098078,42,60,100,0.500000,Half
3063774,3098078,43,48,100,0.500000,Half
3063774,3153886,41,72,100,0.500000,Unknown
3153886,3159518,41,71,102,0.166667,Quarter
3159518,3165150,41,70,102,0.333333,Quarter
3165150,3170270,41,69,102,0.500000,Quarter
3170270,3185118,41,68,102,0.666667,Quarter
3185118,3188190,41,67,102,0.833333,Eighth
3188190,3191774,41,66,102,0.916667,Eighth
3191774,3198430,41,65,103,0.000000,Dotted Eighth
3191774,3198430,42,53,103,0.000000,Dotted Eighth
3191774,3198430,43,41,103,0.000000,Dotted Eighth
3200990,3207134,41,65,103,0.250000,Dotted Eighth
3200990,3207134,42,53,103,0.250000,Dotted Eighth
3200990,3207134,43,41,103,0.250000,Dotted Eighth
3209694,3215326,41,66,103,0.500000,Dotted Eighth
3209694,3215326,42,54,103,0.500000,Dotted Eighth
3209694,3215326,43,42,103,0.500000,Dotted Eighth
3258846,3333598,41,75,105,0.000000,Unknown
3333598,3343838,41,74,106,0.166667,Quarter
3343838,3346910,41,72,106,0.333333,Eighth
3346910,3349470,41,71,106,0.416667,Eighth
3349470,3352542,41,70,106,0.500000,Eighth
3352542,3356126,41,69,106,0.583333,Eighth
3356126,3359198,41,68,106,0.666667,Eighth
3359198,3364318,41,67,106,0.750000,Eighth
3364318,3370462,41,66,106,0.833333,Quarter
3370462,3376094,41,65,107,0.000000,Dotted Eighth
3370462,3376094,42,53,107,0.000000,Dotted Eighth
3370462,3376094,43,41,107,0.000000,Dotted Eighth
3379165,3384286,41,65,107,0.250000,Dotted Eighth
3379165,3384286,42,53,107,0.250000,Dotted Eighth
3379165,3384286,43,41,107,0.250000,Dotted Eighth
3387358,3391966,41,66,107,0.500000,Dotted Eighth
3387358,3391966,42,54,107,0.500000,Dotted Eighth
3387358,3391966,43,42,107,0.500000,Dotted Eighth
3435486,3516894,41,78,109,0.000000,Unknown
3516894,3519966,41,77,110,0.083333,Eighth
3519966,3524573,41,75,110,0.166667,Eighth
3524573,3527646,41,73,110,0.250000,Eighth
3527646,3530718,41,72,110,0.333333,Eighth
3530718,3533790,41,71,110,0.416667,Eighth
3533790,3536862,41,70,110,0.500000,Eighth
3536862,3539934,41,69,110,0.583333,Eighth
3539934,3543518,41,68,110,0.666667,Eighth
3543518,3546590,41,67,110,0.750000,Eighth
3546590,3556318,41,66,110,0.833333,Quarter
3556318,3561950,43,58,111,0.000000,Dotted Eighth
3556318,3564510,41,65,111,0.000000,Quarter
3556318,3572190,42,53,111,0.000000,Half
3556318,3580382,41,61,111,0.000000,Dotted Half
3565022,3568605,41,63,111,0.250000,Eighth
3565022,3570142,43,46,111,0.250000,Dotted Eighth
3569118,3572190,41,65,111,0.375000,Eighth
3572702,3578334,41,66,111,0.500000,Dotted Eighth
3572702,3603422,42,51,111,0.500000,Whole
3580382,3582942,41,63,111,0.750000,Eighth
3580382,3584478,43,39,111,0.750000,Dotted Eighth
3582942,3587038,41,61,111,0.875000,Eighth
3587038,3592670,43,44,112,0.000000,Dotted Eighth
3587038,3595230,41,63,112,0.000000,Quarter
3587038,3611102,41,60,112,0.000000,Dotted Half
3595230,3599326,41,61,112,0.250000,Eighth
3595230,3600862,43,56,112,0.250000,Dotted Eighth
3599326,3603422,41,63,112,0.375000,Eighth
3603422,3609566,41,65,112,0.500000,Dotted Eighth
3603422,3619293,42,49,112,0.500000,Half
3611614,3615198,41,61,112,0.750000,Eighth
3611614,3616734,43,49,112,0.750000,Dotted Eighth
3615710,3619293,41,60,112,0.875000,Eighth
3619293,3624414,41,58,113,0.000000,Dotted Eighth
3619293,3624414,42,49,113,0.000000,Dotted Eighth
3619293,3624414,43,54,113,0.000000,Dotted Eighth
3619293,3626974,41,61,113,0.000000,Quarter
3627486,3630557,41,60,113,0.250000,Eighth
3627486,3632094,41,58,113,0.250000,Dotted Eighth
3627486,3632094,42,49,113,0.250000,Dotted Eighth
3627486,3632094,43,42,113,0.250000,Dotted Eighth
3630557,3633630,41,61,113,0.375000,Eighth
3633630,3638238,41,58,113,0.500000,Dotted Eighth
3633630,3638238,42,48,113,0.500000,Dotted Eighth
3633630,3638238,43,42,113,0.500000,Dotted Eighth
3633630,3638750,41,63,113,0.500000,Dotted Eighth
3640798,3646430,41,58,113,0.750000,Dotted Eighth
3640798,3646430,42,48,113,0.750000,Dotted Eighth
3640798,3646430,43,42,113,0.750000,Dotted Eighth
3640798,3646942,41,63,113,0.750000,Dotted Eighth
3648990,3656670,41,57,114,0.000000,Quarter
3648990,3656670,41,65,114,0.000000,Quarter
3648990,3656670,42,48,114,0.000000,Quarter
3648990,3656670,43,42,114,0.000000,Quarter
3656670,3661278,41,60,114,0.250000,Eighth
3661278,3665374,41,61,114,0.375000,Eighth
3665886,3671006,41,63,114,0.500000,Dotted Eighth
3674078,3679198,41,60,114,0.750000,Dotted Eighth
3682270,3687390,43,58,115,0.000000,Dotted Eighth
3682270,3688926,41,65,115,0.000000,Quarter
3682270,3696094,42,53,115,0.000000,Half
3682270,3710942,41,61,115,0.000000,Whole
3688926,3691998,41,63,115,0.250000,Eighth
3688926,3693534,43,46,115,0.250000,Dotted Eighth
3691998,3696094,41,65,115,0.375000,Eighth
3696094,3701726,41,66,115,0.500000,Dotted Eighth
3696094,3726302,42,51,115,0.500000,Whole
3703262,3708381,43,39,115,0.750000,Dotted Eighth
3710942,3715550,43,44,116,0.000000,Dotted Eighth
3710942,3718110,41,63,116,0.000000,Quarter
3710942,3734494,41,60,116,0.000000,Dotted Half
3718622,3722206,41,61,116,0.250000,Eighth
3718622,3723742,43,56,116,0.250000,Dotted Eighth
3722718,3726302,41,63,116,0.375000,Eighth
3726814,3732446,41,65,116,0.500000,Dotted Eighth
3726814,3749342,42,49,116,0.500000,Dotted Half
3734494,3738590,41,61,116,0.750000,Eighth
3734494,3740126,43,49,116,0.750000,Dotted Eighth
3738590,3742686,41,60,116,0.875000,Eighth
3742686,3747805,41,58,117,0.000000,Dotted Eighth
3742686,3747805,43,54,117,0.000000,Dotted Eighth
3742686,3749342,41,61,117,0.000000,Quarter
3749342,3753437,41,60,117,0.250000,Eighth
3749342,3754462,41,58,117,0.250000,Dotted Eighth
3749342,3754462,42,51,117,0.250000,Dotted Eighth
3749342,3754462,43,42,117,0.250000,Dotted Eighth
3753437,3756510,41,61,117,0.375000,Eighth
3756510,3762142,41,57,117,0.500000,Dotted Eighth
3756510,3762142,42,51,117,0.500000,Dotted Eighth
3756510,3762142,43,41,117,0.500000,Dotted Eighth
3756510,3762654,41,63,117,0.500000,Dotted Eighth
3765214,3769822,41,57,117,0.750000,Dotted Eighth
3765214,3769822,42,53,117,0.750000,Dotted Eighth
3765214,3769822,43,41,117,0.750000,Dotted Eighth
3765214,3770333,41,60,117,0.750000,Dotted Eighth
3772894,3776478,42,53,118,0.000000,Dotted Eighth
3772894,3778526,41,58,118,0.000000,Quarter
3772894,3778526,43,46,118,0.000000,Quarter
3779038,3783134,42,48,118,0.250000,Eighth
3779038,3783134,43,60,118,0.250000,Eighth
3783134,3787229,42,49,118,0.375000,Eighth
3783134,3787229,43,61,118,0.375000,Eighth
3787229,3792350,42,51,118,0.500000,Dotted Eighth
3787229,3792350,43,63,118,0.500000,Dotted Eighth
3794910,3800542,42,48,118,0.750000,Dotted Eighth
3794910,3800542,43,60,118,0.750000,Dotted Eighth
3802590,3804638,41,65,119,0.000000,Sixteenth
3802590,3808222,42,61,119,0.000000,Dotted Eighth
3802590,3808222,43,58,119,0.000000,Dotted Eighth
3802590,3817438,41,61,119,0.000000,Half
3804638,3806686,41,66,119,0.062500,Sixteenth
3806686,3808733,41,65,119,0.125000,Sixteenth
3808733,3810782,41,66,119,0.187500,Sixteenth
3810782,3813342,41,65,119,0.250000,Triplet
3810782,3815902,42,49,119,0.250000,Dotted Eighth
3810782,3815902,43,46,119,0.250000,Dotted Eighth
3813342,3815902,41,63,119,0.333333,Triplet
3815902,3817438,41,65,119,0.416667,Triplet
3817950,3821021,41,75,119,0.500000,Dotted Eighth
3817950,3821534,41,66,119,0.500000,Dotted Eighth
3824094,3829214,41,63,119,0.750000,Dotted Eighth
3824094,3829214,42,54,119,0.750000,Dotted Eighth
3824094,3829214,43,39,119,0.750000,Dotted Eighth
3824094,3829726,41,78,119,0.750000,Dotted Eighth
3832285,3833822,41,63,120,0.000000,Sixteenth
3832285,3835870,42,60,120,0.000000,Dotted Eighth
3832285,3835870,43,44,120,0.000000,Dotted Eighth
3832285,3846110,41,60,120,0.000000,Half
3833822,3835358,41,65,120,0.062500,Sixteenth
3835358,3836382,41,63,120,0.125000,Sixteenth
3836382,3838430,41,65,120,0.187500,Sixteenth
3838430,3840990,41,63,120,0.250000,Triplet
3838430,3843549,42,48,120,0.250000,Dotted Eighth
3838430,3843549,43,56,120,0.250000,Dotted Eighth
3840990,3843549,41,61,120,0.333333,Triplet
3843549,3846110,41,63,120,0.416667,Triplet
3846110,3850718,41,73,120,0.500000,Dotted Eighth
3846110,3851230,41,65,120,0.500000,Dotted Eighth
3853278,3858910,41,61,120,0.750000,Dotted Eighth
3853278,3858910,42,53,120,0.750000,Dotted Eighth
3853278,3858910,43,49,120,0.750000,Dotted Eighth
3853278,3859421,41,77,120,0.750000,Dotted Eighth
3861470,3863518,41,61,121,0.000000,Sixteenth
3861470,3867102,42,70,121,0.000000,Dotted Eighth
3861470,3867102,43,54,121,0.000000,Dotted Eighth
3861470,3877342,41,58,121,0.000000,Half
3863518,3866077,41,63,121,0.062500,Sixteenth
3866077,3868126,41,61,121,0.125000,Sixteenth
3868126,3870174,41,63,121,0.187500,Sixteenth
3870174,3872222,41,61,121,0.250000,Triplet
3870174,3874782,42,58,121,0.250000,Dotted Eighth
3870174,3874782,43,42,121,0.250000,Dotted Eighth
3872222,3874782,41,60,121,0.333333,Triplet
3874782,3877342,41,61,121,0.416667,Triplet
3877854,3883486,41,70,121,0.500000,Dotted Eighth
3877854,3883998,41,63,121,0.500000,Dotted Eighth
3886046,3891678,41,58,121,0.750000,Dotted Eighth
3886046,3891678,42,58,121,0.750000,Dotted Eighth
3886046,3891678,43,42,121,0.750000,Dotted Eighth
3886046,3892190,41,75,121,0.750000,Dotted Eighth
3894238,3899870,41,57,122,0.000000,Dotted Eighth
3894238,3899870,42,69,122,0.000000,Dotted Eighth
3894238,3899870,43,53,122,0.000000,Dotted Eighth
3894238,3900382,41,65,122,0.000000,Dotted Eighth
3902430,3907038,41,69,122,0.250000,Dotted Eighth
3902430,3907038,42,57,122,0.250000,Dotted Eighth
3902430,3907038,43,41,122,0.250000,Dotted Eighth
3902430,3907550,41,77,122,0.250000,Dotted Eighth
3908062,3911134,41,77,122,0.500000,Dotted Eighth
3908062,3911134,43,65,122,0.500000,Dotted Eighth
3914206,3918814,41,65,122,0.750000,Dotted Eighth
3914206,3918814,43,53,122,0.750000,Dotted Eighth
3921886,3923934,41,65,123,0.000000,Sixteenth
3921886,3927005,41,73,123,0.000000,Dotted Eighth
3921886,3927005,43,58,123,0.000000,Dotted Eighth
3921886,3943390,42,61,123,0.000000,Dotted Half
3923934,3925982,41,66,123,0.062500,Sixteenth
3925982,3927518,41,65,123,0.125000,Sixteenth
3927518,3929566,41,66,123,0.187500,Sixteenth
3929566,3932126,41,65,123,0.250000,Triplet
3929566,3934174,41,61,123,0.250000,Dotted Eighth
3929566,3934174,43,46,123,0.250000,Dotted Eighth
3932126,3934174,41,63,123,0.333333,Triplet
3934174,3936222,41,65,123,0.416667,Triplet
3936222,3941342,41,66,123,0.500000,Dotted Eighth
3943390,3946974,42,63,123,0.750000,Eighth
3943390,3947998,41,66,123,0.750000,Dotted Eighth
3943390,3947998,43,39,123,0.750000,Dotted Eighth
3943390,3948510,41,78,123,0.750000,Dotted Eighth
3946974,3950046,42,61,123,0.875000,Eighth
3950046,3952094,41,63,124,0.000000,Sixteenth
3950046,3955165,41,72,124,0.000000,Dotted Eighth
3950046,3955165,43,44,124,0.000000,Dotted Eighth
3950046,3967966,42,60,124,0.000000,Dotted Half
3952094,3954142,41,65,124,0.062500,Sixteenth
3954142,3955678,41,63,124,0.125000,Sixteenth
3955678,3957726,41,65,124,0.187500,Sixteenth
3957726,3960797,41,63,124,0.250000,Triplet
3957726,3962846,41,60,124,0.250000,Dotted Eighth
3957726,3962846,43,56,124,0.250000,Dotted Eighth
3960797,3962846,41,61,124,0.333333,Triplet
3962846,3964382,41,63,124,0.416667,Triplet
3964894,3967454,41,65,124,0.500000,Dotted Eighth
3968478,3971037,42,61,124,0.750000,Eighth
3968478,3972061,41,65,124,0.750000,Dotted Eighth
3968478,3972061,43,49,124,0.750000,Dotted Eighth
3968478,3972574,41,77,124,0.750000,Dotted Eighth
3971037,3974622,42,60,124,0.875000,Eighth
3974622,3976158,41,61,125,0.000000,Sixteenth
3974622,3979742,41,70,125,0.000000,Dotted Eighth
3974622,3979742,42,58,125,0.000000,Dotted Eighth
3974622,3979742,43,54,125,0.000000,Dotted Eighth
3976158,3978206,41,63,125,0.062500,Sixteenth
3978206,3980254,41,61,125,0.125000,Sixteenth
3980254,3982301,41,63,125,0.187500,Sixteenth
3982301,3984350,41,61,125,0.250000,Triplet
3982301,3987422,41,70,125,0.250000,Dotted Eighth
3982301,3987422,42,58,125,0.250000,Dotted Eighth
3982301,3987422,43,42,125,0.250000,Dotted Eighth
3984350,3987422,41,60,125,0.333333,Triplet
3987422,3989982,41,61,125,0.416667,Triplet
3989982,3995102,41,72,125,0.500000,Dotted Eighth
3989982,3995102,42,57,125,0.500000,Dotted Eighth
3989982,3995102,43,41,125,0.500000,Dotted Eighth
3989982,3995614,41,63,125,0.500000,Dotted Eighth
3997662,4003294,41,60,125,0.750000,Dotted Eighth
3997662,4003294,41,69,125,0.750000,Dotted Eighth
3997662,4003294,42,57,125,0.750000,Dotted Eighth
3997662,4003294,43,41,125,0.750000,Dotted Eighth
4003806,4008926,42,58,126,0.000000,Dotted Eighth
4003806,4011485,41,58,126,0.000000,Quarter
4003806,4011485,41,70,126,0.000000,Quarter
4003806,4011485,43,46,126,0.000000,Quarter
4011998,4015582,42,61,126,0.250000,Eighth
4011998,4015582,43,49,126,0.250000,Eighth
4016093,4019166,42,63,126,0.375000,Eighth
4016093,4019166,43,51,126,0.375000,Eighth
4019678,4025310,42,65,126,0.500000,Dotted Eighth
4019678,4025310,43,53,126,0.500000,Dotted Eighth
4027870,4032989,42,61,126,0.750000,Dotted Eighth
4027870,4032989,43,49,126,0.750000,Dotted Eighth
4035550,4040670,43,44,127,0.000000,Dotted Eighth
4035550,4043230,41,73,127,0.000000,Quarter
4035550,4051422,41,65,127,0.000000,Half
4035550,4059102,42,68,127,0.000000,Dotted Half
4043230,4047326,41,72,127,0.250000,Eighth
4043230,4048862,43,56,127,0.250000,Dotted Eighth
4047326,4051422,41,73,127,0.375000,Eighth
4051422,4056542,41,75,127,0.500000,Dotted Eighth
4051422,4059102,41,66,127,0.500000,Quarter
4059614,4064734,43,56,127,0.750000,Dotted Eighth
4059614,4067294,42,75,127,0.750000,Quarter
4067806,4072926,43,44,128,0.000000,Dotted Eighth
4067806,4075486,41,73,128,0.000000,Quarter
4067806,4084190,42,65,128,0.000000,Half
4067806,4091870,41,68,128,0.000000,Dotted Half
4075998,4081630,41,80,128,0.250000,Dotted Eighth
4075998,4081630,43,56,128,0.250000,Dotted Eighth
4084190,4089822,41,78,128,0.500000,Dotted Eighth
4084190,4091870,42,63,128,0.500000,Quarter
4091870,4097502,43,56,128,0.750000,Dotted Eighth
4091870,4099038,41,78,128,0.750000,Quarter
4099038,4102110,43,44,129,0.000000,Dotted Eighth
4099038,4104158,41,73,129,0.000000,Quarter
4099038,4112350,41,65,129,0.000000,Half
4099038,4120542,42,68,129,0.000000,Dotted Half
4104158,4108254,41,72,129,0.250000,Eighth
4104158,4109790,43,56,129,0.250000,Dotted Eighth
4108254,4112862,41,73,129,0.375000,Eighth
4112862,4117982,41,75,129,0.500000,Dotted Eighth
4112862,4120542,41,66,129,0.500000,Quarter
4121054,4126686,43,56,129,0.750000,Dotted Eighth
4121054,4129758,42,75,129,0.750000,Quarter
4129758,4135390,43,44,130,0.000000,Dotted Eighth
4129758,4137950,41,73,130,0.000000,Quarter
4129758,4145629,42,65,130,0.000000,Half
4129758,4153822,41,68,130,0.000000,Dotted Half
4137950,4143070,41,80,130,0.250000,Dotted Eighth
4137950,4143070,43,56,130,0.250000,Dotted Eighth
4145629,4151261,41,78,130,0.500000,Dotted Eighth
4145629,4153822,42,63,130,0.500000,Quarter
4153822,4159454,43,44,130,0.750000,Dotted Eighth
4153822,4162014,41,78,130,0.750000,Quarter
4162014,4167133,43,46,131,0.000000,Dotted Eighth
4162014,4169694,41,70,131,0.000000,Quarter
4162014,4177374,41,65,131,0.000000,Half
4162014,4177374,42,61,131,0.000000,Half
4170206,4173790,41,69,131,0.250000,Eighth
4170206,4174814,43,58,131,0.250000,Dotted Eighth
4173790,4177886,41,70,131,0.375000,Eighth
4177886,4183518,41,71,131,0.500000,Dotted Eighth
4177886,4185566,41,66,131,0.500000,Quarter
4177886,4185566,42,63,131,0.500000,Quarter
4185566,4191198,43,58,131,0.750000,Dotted Eighth
4193246,4198878,43,46,132,0.000000,Dotted Eighth
4193246,4201438,41,70,132,0.000000,Quarter
4193246,4209630,41,65,132,0.000000,Half
4193246,4209630,42,61,132,0.000000,Half
4201438,4205534,41,69,132,0.250000,Eighth
4201438,4207070,43,58,132,0.250000,Dotted Eighth
4205534,4209630,41,70,132,0.375000,Eighth
4209630,4215262,41,72,132,0.500000,Dotted Eighth
4209630,4217822,41,66,132,0.500000,Quarter
4209630,4217822,42,63,132,0.500000,Quarter
4218334,4223454,43,58,132,0.750000,Dotted Eighth
4226526,4230622,43,46,133,0.000000,Dotted Eighth
4226526,4233182,41,70,133,0.000000,Quarter
4226526,4240862,41,65,133,0.000000,Half
4226526,4240862,42,61,133,0.000000,Half
4233694,4236766,41,69,133,0.250000,Eighth
4233694,4238302,43,58,133,0.250000,Dotted Eighth
4236766,4240862,41,70,133,0.375000,Eighth
4240862,4244958,41,66,133,0.500000,Dotted Eighth
4240862,4244958,41,71,133,0.500000,Dotted Eighth
4240862,4244958,42,54,133,0.500000,Dotted Eighth
4240862,4244958,43,51,133,0.500000,Dotted Eighth
4247006,4252126,41,63,133,0.750000,Dotted Eighth
4247006,4252126,41,71,133,0.750000,Dotted Eighth
4247006,4252126,42,54,133,0.750000,Dotted Eighth
4247006,4252126,43,51,133,0.750000,Dotted Eighth
4254686,4260318,41,61,134,0.000000,Quarter
4254686,4260318,41,70,134,0.000000,Quarter
4254686,4260318,42,53,134,0.000000,Dotted Eighth
4254686,4260318,43,53,134,0.000000,Dotted Eighth
4260318,4264926,41,60,134,0.250000,Dotted Eighth
4260318,4264926,41,69,134,0.250000,Dotted Eighth
4260318,4264926,42,65,134,0.250000,Dotted Eighth
4260318,4264926,43,53,134,0.250000,Dotted Eighth
4267998,4273118,41,61,134,0.500000,Dotted Eighth
4267998,4273118,41,70,134,0.500000,Dotted Eighth
4267998,4273118,42,65,134,0.500000,Dotted Eighth
4267998,4273118,43,46,134,0.500000,Dotted Eighth
4283870,4285406,41,73,135,0.000000,Sixteenth
4283870,4289502,43,46,135,0.000000,Dotted Eighth
4283870,4299742,41,65,135,0.000000,Half
4283870,4299742,42,61,135,0.000000,Half
4285406,4287454,41,75,135,0.062500,Sixteenth
4287454,4289502,41,73,135,0.125000,Sixteenth
4289502,4291550,41,75,135,0.187500,Sixteenth
4291550,4294110,41,73,135,0.250000,Triplet
4291550,4297694,43,56,135,0.250000,Dotted Eighth
4294110,4297182,41,72,135,0.333333,Triplet
4297182,4299742,41,73,135,0.416667,Triplet
4299742,4303838,41,75,135,0.500000,Dotted Eighth
4299742,4304862,41,66,135,0.500000,Quarter
4299742,4304862,42,60,135,0.500000,Quarter
4304862,4311006,41,87,135,0.750000,Dotted Eighth
4304862,4311006,43,56,135,0.750000,Dotted Eighth
4304862,4313054,41,75,135,0.750000,Quarter
4304862,4313054,42,66,135,0.750000,Quarter
4313054,4316126,41,73,136,0.000000,Triplet
4313054,4319198,43,44,136,0.000000,Dotted Eighth
4313054,4329438,41,65,136,0.000000,Half
4313054,4329438,42,61,136,0.000000,Half
4316126,4318686,41,75,136,0.083333,Triplet
4318686,4321758,41,73,136,0.166667,Triplet
4321758,4327390,41,80,136,0.250000,Dotted Eighth
4321758,4327390,43,56,136,0.250000,Dotted Eighth
4329950,4336094,41,78,136,0.500000,Dotted Eighth
4329950,4338142,41,72,136,0.500000,Quarter
4329950,4338142,42,63,136,0.500000,Quarter
4338142,4344286,41,90,136,0.750000,Dotted Eighth
4338142,4344286,43,56,136,0.750000,Dotted Eighth
4338142,4346334,41,75,136,0.750000,Quarter
4338142,4346334,42,72,136,0.750000,Quarter
4346334,4348894,41,73,137,0.000000,Triplet
4346334,4351966,43,44,137,0.000000,Dotted Eighth
4346334,4361182,41,65,137,0.000000,Half
4346334,4361182,42,61,137,0.000000,Half
4348894,4351454,41,75,137,0.083333,Triplet
4351454,4354014,41,73,137,0.166667,Triplet
4354014,4358110,41,72,137,0.250000,Eighth
4354014,4359646,43,56,137,0.250000,Dotted Eighth
4358110,4361182,41,73,137,0.375000,Eighth
4361182,4366814,41,75,137,0.500000,Dotted Eighth
4361182,4368862,41,66,137,0.500000,Quarter
4361182,4368862,42,60,137,0.500000,Quarter
4369374,4375006,41,87,137,0.750000,Dotted Eighth
4369374,4375006,43,56,137,0.750000,Dotted Eighth
4369374,4377054,41,75,137,0.750000,Quarter
4369374,4377054,42,66,137,0.750000,Quarter
4377566,4380126,41,73,138,0.000000,Triplet
4377566,4383198,43,44,138,0.000000,Dotted Eighth
4377566,4391902,41,65,138,0.000000,Half
4377566,4391902,42,61,138,0.000000,Half
4380126,4382686,41,75,138,0.083333,Triplet
4382686,4385246,41,73,138,0.166667,Triplet
4385246,4391390,41,80,138,0.250000,Dotted Eighth
4385246,4391390,43,56,138,0.250000,Dotted Eighth
4391902,4397534,41,78,138,0.500000,Dotted Eighth
4391902,4399582,41,72,138,0.500000,Quarter
4391902,4399582,42,63,138,0.500000,Quarter
4399582,4405726,41,90,138,0.750000,Dotted Eighth
4399582,4405726,43,44,138,0.750000,Dotted Eighth
4399582,4407774,41,75,138,0.750000,Quarter
4399582,4407774,42,72,138,0.750000,Quarter
4407774,4410846,41,70,139,0.000000,Triplet
4407774,4413918,43,46,139,0.000000,Dotted Eighth
4407774,4424158,41,65,139,0.000000,Half
4407774,4424158,42,61,139,0.000000,Half
4410846,4413406,41,72,139,0.083333,Triplet
4413406,4415966,41,70,139,0.166667,Triplet
4415966,4420062,41,69,139,0.250000,Eighth
4415966,4422110,43,58,139,0.250000,Dotted Eighth
4420062,4424670,41,70,139,0.375000,Eighth
4424670,4429790,41,71,139,0.500000,Dotted Eighth
4424670,4431838,41,66,139,0.500000,Quarter
4424670,4431838,42,63,139,0.500000,Quarter
4432350,4437982,43,58,139,0.750000,Dotted Eighth
4440542,4443102,41,70,140,0.000000,Triplet
4440542,4446686,43,46,140,0.000000,Dotted Eighth
4440542,4456414,41,65,140,0.000000,Half
4440542,4456414,42,61,140,0.000000,Half
4443102,4446174,41,72,140,0.083333,Triplet
4446174,4448734,41,70,140,0.166667,Triplet
4448734,4452830,41,69,140,0.250000,Eighth
4448734,4454878,43,58,140,0.250000,Dotted Eighth
4452830,4456414,41,70,140,0.375000,Eighth
4456414,4461534,41,72,140,0.500000,Dotted Eighth
4456414,4463582,41,66,140,0.500000,Quarter
4456414,4463582,42,63,140,0.500000,Quarter
4463582,4469726,43,58,140,0.750000,Dotted Eighth
4471774,4474846,41,70,141,0.000000,Triplet
4471774,4477406,43,46,141,0.000000,Dotted Eighth
4471774,4487134,41,65,141,0.000000,Half
4471774,4487134,42,61,141,0.000000,Half
4474846,4476894,41,72,141,0.083333,Triplet
4476894,4479966,41,70,141,0.166667,Triplet
4479966,4484062,41,69,141,0.250000,Eighth
4479966,4485086,43,58,141,0.250000,Dotted Eighth
4484062,4487646,41,70,141,0.375000,Eighth
4487646,4493278,41,66,141,0.500000,Dotted Eighth
4487646,4493278,41,71,141,0.500000,Dotted Eighth
4487646,4493278,42,54,141,0.500000,Dotted Eighth
4487646,4493278,43,51,141,0.500000,Dotted Eighth
4495326,4499934,41,63,141,0.750000,Dotted Eighth
4495326,4499934,41,71,141,0.750000,Dotted Eighth
4495326,4499934,42,54,141,0.750000,Dotted Eighth
4495326,4499934,43,51,141,0.750000,Dotted Eighth
4501982,4508638,42,53,142,0.000000,Dotted Eighth
4501982,4508638,43,53,142,0.000000,Dotted Eighth
4501982,4510686,41,61,142,0.000000,Quarter
4501982,4510686,41,70,142,0.000000,Quarter
4510686,4515806,41,60,142,0.250000,Dotted Eighth
4510686,4515806,41,69,142,0.250000,Dotted Eighth
4510686,4515806,42,65,142,0.250000,Dotted Eighth
4510686,4515806,43,53,142,0.250000,Dotted Eighth
4518366,4524510,41,61,142,0.500000,Dotted Eighth
4518366,4524510,41,70,142,0.500000,Dotted Eighth
4518366,4524510,42,65,142,0.500000,Dotted Eighth
4518366,4524510,43,46,142,0.500000,Dotted Eighth
4535774,4541918,43,58,143,0.000000,Dotted Eighth
4535774,4543454,42,53,143,0.000000,Quarter
4535774,4558302,41,61,143,0.000000,Dotted Half
4543454,4547550,42,51,143,0.250000,Eighth
4543454,4549086,43,46,143,0.250000,Dotted Eighth
4547550,4551134,42,53,143,0.375000,Eighth
4551134,4557278,42,54,143,0.500000,Dotted Eighth
4558302,4561374,41,63,143,0.750000,Eighth
4558302,4563422,43,39,143,0.750000,Dotted Eighth
4561886,4565470,41,61,143,0.875000,Eighth
4565470,4570078,43,44,144,0.000000,Dotted Eighth
4565470,4571614,42,51,144,0.000000,Quarter
4565470,4585950,41,60,144,0.000000,Dotted Half
4572126,4575710,42,49,144,0.250000,Eighth
4572126,4577246,43,56,144,0.250000,Dotted Eighth
4575710,4579294,42,51,144,0.375000,Eighth
4579294,4584414,42,53,144,0.500000,Dotted Eighth
4585950,4590046,41,61,144,0.750000,Eighth
4585950,4590558,43,49,144,0.750000,Dotted Eighth
4590046,4592606,41,60,144,0.875000,Eighth
4592606,4598238,43,54,145,0.000000,Dotted Eighth
4592606,4600286,42,49,145,0.000000,Quarter
4592606,4618206,41,58,145,0.000000,Dotted Half
4600798,4605406,42,48,145,0.250000,Eighth
4600798,4607454,43,42,145,0.250000,Dotted Eighth
4605406,4609502,42,49,145,0.375000,Eighth
4609502,4616158,42,51,145,0.500000,Dotted Eighth
4609502,4616158,43,42,145,0.500000,Dotted Eighth
4618718,4624350,42,51,145,0.750000,Dotted Eighth
4618718,4624350,43,42,145,0.750000,Dotted Eighth
4618718,4626398,41,60,145,0.750000,Quarter
4626910,4635614,41,57,146,0.000000,Quarter
4626910,4635614,42,53,146,0.000000,Quarter
4626910,4635614,43,41,146,0.000000,Quarter
4662238,4668894,43,42,147,0.000000,Dotted Eighth
4662238,4671454,42,49,147,0.000000,Quarter
4662238,4690910,41,58,147,0.000000,Dotted Half
4671454,4676062,42,48,147,0.250000,Eighth
4671454,4678622,43,42,147,0.250000,Dotted Eighth
4676062,4681182,42,49,147,0.375000,Eighth
4681182,4688350,42,51,147,0.500000,Dotted Eighth
4681182,4688350,43,42,147,0.500000,Dotted Eighth
4691422,4699102,42,51,147,0.750000,Dotted Eighth
4691422,4699102,43,42,147,0.750000,Dotted Eighth
4691422,4702174,41,60,147,0.750000,Quarter
4702174,4712926,41,57,148,0.000000,Quarter
4702174,4712926,42,53,148,0.000000,Quarter
4702174,4712926,43,41,148,0.000000,Quarter
4745694,4752862,42,54,149,0.000000,Dotted Eighth
4745694,4755934,41,73,149,0.000000,Quarter
4745694,4760542,41,82,149,0.000000,Dotted Half
4756446,4759006,41,72,149,0.250000,Eighth
4756446,4759006,42,66,149,0.250000,Dotted Eighth
4761054,4770782,41,75,149,0.750000,Dotted Eighth
4761054,4770782,42,66,149,0.750000,Dotted Eighth
4761054,4774366,41,84,149,0.750000,Quarter
4774366,4788702,41,69,150,0.000000,Quarter
4774366,4788702,41,77,150,0.000000,Quarter
4774366,4788702,41,81,150,0.000000,Quarter
4774366,4788702,42,65,150,0.000000,Quarter
4830174,4836318,43,42,151,0.000000,Dotted Eighth
4830174,4838878,41,73,151,0.000000,Quarter
4830174,4853726,41,70,151,0.000000,Half
4830174,4853726,42,58,151,0.000000,Half
4845534,4849630,41,72,151,0.250000,Eighth
4845534,4851166,43,54,151,0.250000,Dotted Eighth
4849630,4854238,41,73,151,0.375000,Eighth
4854238,4860382,41,70,151,0.500000,Dotted Eighth
4854238,4860382,41,75,151,0.500000,Dotted Eighth
4854238,4860382,42,58,151,0.500000,Dotted Eighth
4854238,4860382,43,42,151,0.500000,Dotted Eighth
4862942,4869086,41,60,151,0.750000,Dotted Eighth
4862942,4869086,41,65,151,0.750000,Dotted Eighth
4862942,4869086,41,77,151,0.750000,Dotted Eighth
4862942,4869086,42,57,151,0.750000,Dotted Eighth
4862942,4869086,43,41,151,0.750000,Dotted Eighth
4872158,4881886,41,58,152,0.000000,Quarter
4872158,4881886,41,65,152,0.000000,Quarter
4872158,4881886,41,70,152,0.000000,Quarter
4872158,4881886,42,58,152,0.000000,Quarter
4872158,4881886,43,46,152,0.000000,Quarter
5188574,5190622,41,70,155,0.125000,Sixteenth
